0	1	1	100000	4096	3.05176	0.0190098	160.536
0	1	1	100000	4096	3.05176	0.0162065	188.305
0	1	1	100000	4096	3.05176	0.0180365	169.199
0	1	1	100000	4096	3.05176	0.0167235	182.484
0	1	1	100000	4096	3.05176	0.0185461	164.55
0	1	1	100000	4096	3.05176	0.0159221	191.668
0	1	1	100000	4096	3.05176	0.0187144	163.07
0	1	1	100000	4096	3.05176	0.0171605	177.836
0	1	1	100000	4096	3.05176	0.0167117	182.612
0	1	1	100000	4096	3.05176	0.0173854	175.536
0	1	1	100000	4096	3.05176	0.0168048	181.6
0	1	1	100000	4096	3.05176	0.0159972	190.769
0	1	1	100000	4096	3.05176	0.0179782	169.748
0	1	1	100000	4096	3.05176	0.0159554	191.268
0	1	1	100000	4096	3.05176	0.0169523	180.02
0	1	1	100000	4096	3.05176	0.0163239	186.951
0	1	1	100000	4096	3.05176	0.017111	178.35
0	1	1	100000	4096	3.05176	0.0162933	187.302
0	1	1	100000	4096	3.05176	0.0169167	180.399
0	1	1	100000	4096	3.05176	0.0158962	191.98
0	1	1	200000	4096	6.10352	0.0210968	289.31
0	1	1	200000	4096	6.10352	0.021047	289.995
0	1	1	200000	4096	6.10352	0.0221245	275.872
0	1	1	200000	4096	6.10352	0.021026	290.285
0	1	1	200000	4096	6.10352	0.0237786	256.681
0	1	1	200000	4096	6.10352	0.0229743	265.667
0	1	1	200000	4096	6.10352	0.0211618	288.422
0	1	1	200000	4096	6.10352	0.0206193	296.009
0	1	1	200000	4096	6.10352	0.0214617	284.391
0	1	1	200000	4096	6.10352	0.0211626	288.411
0	1	1	200000	4096	6.10352	0.0204919	297.85
0	1	1	200000	4096	6.10352	0.0207959	293.496
0	1	1	200000	4096	6.10352	0.0212974	286.584
0	1	1	200000	4096	6.10352	0.0218328	279.557
0	1	1	200000	4096	6.10352	0.0211816	288.152
0	1	1	200000	4096	6.10352	0.0211752	288.238
0	1	1	200000	4096	6.10352	0.0203274	300.261
0	1	1	200000	4096	6.10352	0.0223507	273.08
0	1	1	200000	4096	6.10352	0.0206541	295.511
0	1	1	200000	4096	6.10352	0.0208204	293.151
0	1	1	300000	4096	9.15527	0.025411	360.288
0	1	1	300000	4096	9.15527	0.0253605	361.005
0	1	1	300000	4096	9.15527	0.0263563	347.365
0	1	1	300000	4096	9.15527	0.0255655	358.11
0	1	1	300000	4096	9.15527	0.0249161	367.444
0	1	1	300000	4096	9.15527	0.026029	351.733
0	1	1	300000	4096	9.15527	0.0255826	357.871
0	1	1	300000	4096	9.15527	0.0246831	370.912
0	1	1	300000	4096	9.15527	0.0249071	367.577
0	1	1	300000	4096	9.15527	0.0275512	332.3
0	1	1	300000	4096	9.15527	0.0271155	337.64
0	1	1	300000	4096	9.15527	0.0244487	374.469
0	1	1	300000	4096	9.15527	0.0261075	350.676
0	1	1	300000	4096	9.15527	0.0260959	350.832
0	1	1	300000	4096	9.15527	0.0255167	358.796
0	1	1	300000	4096	9.15527	0.0249685	366.673
0	1	1	300000	4096	9.15527	0.0252687	362.317
0	1	1	300000	4096	9.15527	0.0252148	363.091
0	1	1	300000	4096	9.15527	0.0259664	352.582
0	1	1	300000	4096	9.15527	0.0260945	350.851
0	1	1	400000	4096	12.207	0.0293504	415.907
0	1	1	400000	4096	12.207	0.0296457	411.765
0	1	1	400000	4096	12.207	0.0292643	417.131
0	1	1	400000	4096	12.207	0.0295656	412.88
0	1	1	400000	4096	12.207	0.0296721	411.397
0	1	1	400000	4096	12.207	0.0309399	394.541
0	1	1	400000	4096	12.207	0.0301043	405.491
0	1	1	400000	4096	12.207	0.0294371	414.683
0	1	1	400000	4096	12.207	0.0289035	422.338
0	1	1	400000	4096	12.207	0.0300869	405.726
0	1	1	400000	4096	12.207	0.0295976	412.433
0	1	1	400000	4096	12.207	0.0288249	423.489
0	1	1	400000	4096	12.207	0.0302675	403.305
0	1	1	400000	4096	12.207	0.0283908	429.965
0	1	1	400000	4096	12.207	0.0291551	418.693
0	1	1	400000	4096	12.207	0.0299009	408.249
0	1	1	400000	4096	12.207	0.0292684	417.072
0	1	1	400000	4096	12.207	0.030796	396.384
0	1	1	400000	4096	12.207	0.0302047	404.143
0	1	1	400000	4096	12.207	0.0312553	390.559
0	1	1	500000	4096	15.2588	0.0314907	484.548
0	1	1	500000	4096	15.2588	0.0333059	458.141
0	1	1	500000	4096	15.2588	0.0350989	434.737
0	1	1	500000	4096	15.2588	0.0336907	452.909
0	1	1	500000	4096	15.2588	0.0359857	424.024
0	1	1	500000	4096	15.2588	0.0343731	443.916
0	1	1	500000	4096	15.2588	0.0345918	441.11
0	1	1	500000	4096	15.2588	0.0339926	448.885
0	1	1	500000	4096	15.2588	0.0337494	452.12
0	1	1	500000	4096	15.2588	0.0337361	452.298
0	1	1	500000	4096	15.2588	0.0348493	437.851
0	1	1	500000	4096	15.2588	0.0333859	457.043
0	1	1	500000	4096	15.2588	0.0370558	411.778
0	1	1	500000	4096	15.2588	0.0338521	450.749
0	1	1	500000	4096	15.2588	0.0342705	445.246
0	1	1	500000	4096	15.2588	0.0327427	466.021
0	1	1	500000	4096	15.2588	0.0340153	448.585
0	1	1	500000	4096	15.2588	0.0337925	451.544
0	1	1	500000	4096	15.2588	0.0343167	444.646
0	1	1	500000	4096	15.2588	0.0341759	446.478
0	1	1	600000	4096	18.3105	0.0360638	507.726
0	1	1	600000	4096	18.3105	0.0360751	507.567
0	1	1	600000	4096	18.3105	0.0375288	487.907
0	1	1	600000	4096	18.3105	0.0368658	496.682
0	1	1	600000	4096	18.3105	0.0376171	486.761
0	1	1	600000	4096	18.3105	0.0365867	500.47
0	1	1	600000	4096	18.3105	0.0369096	496.092
0	1	1	600000	4096	18.3105	0.0383087	477.974
0	1	1	600000	4096	18.3105	0.0377582	484.942
0	1	1	600000	4096	18.3105	0.0371101	493.411
0	1	1	600000	4096	18.3105	0.0388518	471.293
0	1	1	600000	4096	18.3105	0.0363868	503.22
0	1	1	600000	4096	18.3105	0.0358529	510.713
0	1	1	600000	4096	18.3105	0.038259	478.594
0	1	1	600000	4096	18.3105	0.0384368	476.38
0	1	1	600000	4096	18.3105	0.0374006	489.579
0	1	1	600000	4096	18.3105	0.0386344	473.944
0	1	1	600000	4096	18.3105	0.037948	482.517
0	1	1	600000	4096	18.3105	0.0374786	488.56
0	1	1	600000	4096	18.3105	0.0396113	462.256
0	1	1	700000	4096	21.3623	0.040799	523.599
0	1	1	700000	4096	21.3623	0.0405625	526.651
0	1	1	700000	4096	21.3623	0.0432072	494.415
0	1	1	700000	4096	21.3623	0.0402096	531.274
0	1	1	700000	4096	21.3623	0.0432204	494.264
0	1	1	700000	4096	21.3623	0.0424101	503.708
0	1	1	700000	4096	21.3623	0.0417365	511.838
0	1	1	700000	4096	21.3623	0.0448444	476.365
0	1	1	700000	4096	21.3623	0.0407449	524.294
0	1	1	700000	4096	21.3623	0.0424589	503.129
0	1	1	700000	4096	21.3623	0.0410796	520.022
0	1	1	700000	4096	21.3623	0.0407905	523.708
0	1	1	700000	4096	21.3623	0.042197	506.252
0	1	1	700000	4096	21.3623	0.0420714	507.763
0	1	1	700000	4096	21.3623	0.0427087	500.186
0	1	1	700000	4096	21.3623	0.0424921	502.735
0	1	1	700000	4096	21.3623	0.0410129	520.868
0	1	1	700000	4096	21.3623	0.0417129	512.127
0	1	1	700000	4096	21.3623	0.0420275	508.293
0	1	1	700000	4096	21.3623	0.0412258	518.178
0	1	1	800000	4096	24.4141	0.0444011	549.852
0	1	1	800000	4096	24.4141	0.0449246	543.445
0	1	1	800000	4096	24.4141	0.0466558	523.28
0	1	1	800000	4096	24.4141	0.0443121	550.957
0	1	1	800000	4096	24.4141	0.0434218	562.253
0	1	1	800000	4096	24.4141	0.0466948	522.844
0	1	1	800000	4096	24.4141	0.0442979	551.134
0	1	1	800000	4096	24.4141	0.045532	536.196
0	1	1	800000	4096	24.4141	0.0452592	539.428
0	1	1	800000	4096	24.4141	0.0439054	556.061
0	1	1	800000	4096	24.4141	0.0463039	527.257
0	1	1	800000	4096	24.4141	0.0460491	530.174
0	1	1	800000	4096	24.4141	0.0440651	554.045
0	1	1	800000	4096	24.4141	0.0461688	528.8
0	1	1	800000	4096	24.4141	0.0457159	534.039
0	1	1	800000	4096	24.4141	0.0454053	537.692
0	1	1	800000	4096	24.4141	0.0461671	528.819
0	1	1	800000	4096	24.4141	0.0445197	548.388
0	1	1	800000	4096	24.4141	0.0457518	533.62
0	1	1	800000	4096	24.4141	0.0464406	525.705
0	1	1	900000	4096	27.4658	0.0487449	563.461
0	1	1	900000	4096	27.4658	0.0483937	567.549
0	1	1	900000	4096	27.4658	0.0488456	562.299
0	1	1	900000	4096	27.4658	0.04759	577.134
0	1	1	900000	4096	27.4658	0.0466656	588.567
0	1	1	900000	4096	27.4658	0.046562	589.876
0	1	1	900000	4096	27.4658	0.0470648	583.575
0	1	1	900000	4096	27.4658	0.0461027	595.753
0	1	1	900000	4096	27.4658	0.0470216	584.11
0	1	1	900000	4096	27.4658	0.0481087	570.912
0	1	1	900000	4096	27.4658	0.0484032	567.438
0	1	1	900000	4096	27.4658	0.049586	553.903
0	1	1	900000	4096	27.4658	0.0500056	549.254
0	1	1	900000	4096	27.4658	0.0487938	562.896
0	1	1	900000	4096	27.4658	0.049602	553.724
0	1	1	900000	4096	27.4658	0.048423	567.206
0	1	1	900000	4096	27.4658	0.0491236	559.116
0	1	1	900000	4096	27.4658	0.0485752	565.428
0	1	1	900000	4096	27.4658	0.0490717	559.708
0	1	1	900000	4096	27.4658	0.0485834	565.333
0	1	1	1000000	4096	30.5176	0.05297	576.13
0	1	1	1000000	4096	30.5176	0.0521588	585.09
0	1	1	1000000	4096	30.5176	0.0506394	602.645
0	1	1	1000000	4096	30.5176	0.0507739	601.049
0	1	1	1000000	4096	30.5176	0.0526266	579.889
0	1	1	1000000	4096	30.5176	0.0518569	588.496
0	1	1	1000000	4096	30.5176	0.0524808	581.5
0	1	1	1000000	4096	30.5176	0.0513707	594.066
0	1	1	1000000	4096	30.5176	0.0533412	572.12
0	1	1	1000000	4096	30.5176	0.0525957	580.229
0	1	1	1000000	4096	30.5176	0.0520371	586.458
0	1	1	1000000	4096	30.5176	0.0521771	584.885
0	1	1	1000000	4096	30.5176	0.0528689	577.232
0	1	1	1000000	4096	30.5176	0.0518785	588.251
0	1	1	1000000	4096	30.5176	0.0523829	582.586
0	1	1	1000000	4096	30.5176	0.0522941	583.576
0	1	1	1000000	4096	30.5176	0.0531029	574.688
0	1	1	1000000	4096	30.5176	0.0526149	580.017
0	1	1	1000000	4096	30.5176	0.0517959	589.189
0	1	1	1000000	4096	30.5176	0.0516789	590.523
0	1	1	1100000	4096	33.5693	0.0556428	603.301
0	1	1	1100000	4096	33.5693	0.053776	624.244
0	1	1	1100000	4096	33.5693	0.0537108	625.002
0	1	1	1100000	4096	33.5693	0.0558189	601.397
0	1	1	1100000	4096	33.5693	0.0543593	617.546
0	1	1	1100000	4096	33.5693	0.0542102	619.244
0	1	1	1100000	4096	33.5693	0.0552367	607.736
0	1	1	1100000	4096	33.5693	0.0549325	611.102
0	1	1	1100000	4096	33.5693	0.0550199	610.13
0	1	1	1100000	4096	33.5693	0.0548533	611.984
0	1	1	1100000	4096	33.5693	0.054613	614.677
0	1	1	1100000	4096	33.5693	0.0544475	616.545
0	1	1	1100000	4096	33.5693	0.0550648	609.633
0	1	1	1100000	4096	33.5693	0.0548057	612.516
0	1	1	1100000	4096	33.5693	0.0552664	607.41
0	1	1	1100000	4096	33.5693	0.0556571	603.146
0	1	1	1100000	4096	33.5693	0.0554822	605.047
0	1	1	1100000	4096	33.5693	0.0554073	605.865
0	1	1	1100000	4096	33.5693	0.0539951	621.711
0	1	1	1100000	4096	33.5693	0.0553184	606.839
0	1	1	1200000	4096	36.6211	0.0579414	632.037
0	1	1	1200000	4096	36.6211	0.0571872	640.372
0	1	1	1200000	4096	36.6211	0.0586635	624.257
0	1	1	1200000	4096	36.6211	0.0587862	622.954
0	1	1	1200000	4096	36.6211	0.0573208	638.879
0	1	1	1200000	4096	36.6211	0.0567225	645.619
0	1	1	1200000	4096	36.6211	0.057994	631.464
0	1	1	1200000	4096	36.6211	0.0615776	594.714
0	1	1	1200000	4096	36.6211	0.0590241	620.444
0	1	1	1200000	4096	36.6211	0.0569921	642.565
0	1	1	1200000	4096	36.6211	0.0585819	625.127
0	1	1	1200000	4096	36.6211	0.0587905	622.909
0	1	1	1200000	4096	36.6211	0.0579278	632.185
0	1	1	1200000	4096	36.6211	0.0568572	644.089
0	1	1	1200000	4096	36.6211	0.0623101	587.723
0	1	1	1200000	4096	36.6211	0.0583276	627.852
0	1	1	1200000	4096	36.6211	0.0590652	620.011
0	1	1	1200000	4096	36.6211	0.0588775	621.988
0	1	1	1200000	4096	36.6211	0.0590087	620.605
0	1	1	1200000	4096	36.6211	0.0571594	640.684
0	1	1	1300000	4096	39.6729	0.0616629	643.383
0	1	1	1300000	4096	39.6729	0.0610341	650.012
0	1	1	1300000	4096	39.6729	0.0609793	650.596
0	1	1	1300000	4096	39.6729	0.062323	636.569
0	1	1	1300000	4096	39.6729	0.0594421	667.42
0	1	1	1300000	4096	39.6729	0.0575772	689.037
0	1	1	1300000	4096	39.6729	0.0610562	649.776
0	1	1	1300000	4096	39.6729	0.0609678	650.718
0	1	1	1300000	4096	39.6729	0.0607207	653.366
0	1	1	1300000	4096	39.6729	0.060733	653.234
0	1	1	1300000	4096	39.6729	0.0597591	663.879
0	1	1	1300000	4096	39.6729	0.0610586	649.75
0	1	1	1300000	4096	39.6729	0.0603971	656.867
0	1	1	1300000	4096	39.6729	0.0627577	632.159
0	1	1	1300000	4096	39.6729	0.0600176	661.02
0	1	1	1300000	4096	39.6729	0.0609287	651.136
0	1	1	1300000	4096	39.6729	0.0604842	655.921
0	1	1	1300000	4096	39.6729	0.0611932	648.321
0	1	1	1300000	4096	39.6729	0.0603172	657.737
0	1	1	1300000	4096	39.6729	0.061695	643.048
0	1	1	1400000	4096	42.7246	0.0651971	655.314
0	1	1	1400000	4096	42.7246	0.0642928	664.532
0	1	1	1400000	4096	42.7246	0.0663857	643.581
0	1	1	1400000	4096	42.7246	0.0634398	673.467
0	1	1	1400000	4096	42.7246	0.0645995	661.376
0	1	1	1400000	4096	42.7246	0.0643832	663.598
0	1	1	1400000	4096	42.7246	0.0643836	663.595
0	1	1	1400000	4096	42.7246	0.0643407	664.037
0	1	1	1400000	4096	42.7246	0.064419	663.23
0	1	1	1400000	4096	42.7246	0.0643516	663.924
0	1	1	1400000	4096	42.7246	0.0646743	660.612
0	1	1	1400000	4096	42.7246	0.0639553	668.039
0	1	1	1400000	4096	42.7246	0.0642133	665.354
0	1	1	1400000	4096	42.7246	0.064971	657.596
0	1	1	1400000	4096	42.7246	0.0650229	657.07
0	1	1	1400000	4096	42.7246	0.063879	668.836
0	1	1	1400000	4096	42.7246	0.0635588	672.206
0	1	1	1400000	4096	42.7246	0.0651665	655.623
0	1	1	1400000	4096	42.7246	0.0627169	681.23
0	1	1	1400000	4096	42.7246	0.0639322	668.28
0	1	1	1500000	4096	45.7764	0.0676039	677.126
0	1	1	1500000	4096	45.7764	0.0680476	672.711
0	1	1	1500000	4096	45.7764	0.0679824	673.356
0	1	1	1500000	4096	45.7764	0.0682581	670.636
0	1	1	1500000	4096	45.7764	0.0670606	682.612
0	1	1	1500000	4096	45.7764	0.0676094	677.071
0	1	1	1500000	4096	45.7764	0.0736307	621.702
0	1	1	1500000	4096	45.7764	0.067989	673.291
0	1	1	1500000	4096	45.7764	0.0674799	678.371
0	1	1	1500000	4096	45.7764	0.0669506	683.733
0	1	1	1500000	4096	45.7764	0.0662605	690.854
0	1	1	1500000	4096	45.7764	0.0672275	680.917
0	1	1	1500000	4096	45.7764	0.0666139	687.189
0	1	1	1500000	4096	45.7764	0.0678852	674.32
0	1	1	1500000	4096	45.7764	0.0660255	693.313
0	1	1	1500000	4096	45.7764	0.0669716	683.519
0	1	1	1500000	4096	45.7764	0.0681703	671.5
0	1	1	1500000	4096	45.7764	0.067128	681.926
0	1	1	1500000	4096	45.7764	0.0676125	677.04
0	1	1	1500000	4096	45.7764	0.0676946	676.219
0	1	1	1600000	4096	48.8281	0.0702784	694.781
0	1	1	1600000	4096	48.8281	0.0705243	692.359
0	1	1	1600000	4096	48.8281	0.0699595	697.949
0	1	1	1600000	4096	48.8281	0.0708828	688.857
0	1	1	1600000	4096	48.8281	0.069857	698.973
0	1	1	1600000	4096	48.8281	0.0707097	690.543
0	1	1	1600000	4096	48.8281	0.069629	701.261
0	1	1	1600000	4096	48.8281	0.0706558	691.07
0	1	1	1600000	4096	48.8281	0.0710218	687.509
0	1	1	1600000	4096	48.8281	0.0708757	688.926
0	1	1	1600000	4096	48.8281	0.0702495	695.067
0	1	1	1600000	4096	48.8281	0.0683829	714.04
0	1	1	1600000	4096	48.8281	0.0688306	709.396
0	1	1	1600000	4096	48.8281	0.0684527	713.311
0	1	1	1600000	4096	48.8281	0.0702604	694.959
0	1	1	1600000	4096	48.8281	0.0714692	683.205
0	1	1	1600000	4096	48.8281	0.0699624	697.919
0	1	1	1600000	4096	48.8281	0.0699854	697.69
0	1	1	1600000	4096	48.8281	0.0704489	693.099
0	1	1	1600000	4096	48.8281	0.0708314	689.357
0	1	1	1700000	4096	51.8799	0.0739272	701.77
0	1	1	1700000	4096	51.8799	0.0729204	711.459
0	1	1	1700000	4096	51.8799	0.0738971	702.056
0	1	1	1700000	4096	51.8799	0.0733525	707.268
0	1	1	1700000	4096	51.8799	0.0713532	727.085
0	1	1	1700000	4096	51.8799	0.0732959	707.814
0	1	1	1700000	4096	51.8799	0.073352	707.273
0	1	1	1700000	4096	51.8799	0.0720352	720.202
0	1	1	1700000	4096	51.8799	0.0741496	699.665
0	1	1	1700000	4096	51.8799	0.0731808	708.928
0	1	1	1700000	4096	51.8799	0.0731484	709.242
0	1	1	1700000	4096	51.8799	0.0716114	724.464
0	1	1	1700000	4096	51.8799	0.0710291	730.403
0	1	1	1700000	4096	51.8799	0.0717381	723.185
0	1	1	1700000	4096	51.8799	0.0737232	703.712
0	1	1	1700000	4096	51.8799	0.0737686	703.279
0	1	1	1700000	4096	51.8799	0.0724135	716.439
0	1	1	1700000	4096	51.8799	0.0725782	714.813
0	1	1	1700000	4096	51.8799	0.0719736	720.818
0	1	1	1700000	4096	51.8799	0.0741515	699.647
0	1	1	1800000	4096	54.9316	0.0758953	723.782
0	1	1	1800000	4096	54.9316	0.0758042	724.651
0	1	1	1800000	4096	54.9316	0.0746534	735.822
0	1	1	1800000	4096	54.9316	0.0763372	719.592
0	1	1	1800000	4096	54.9316	0.0750942	731.503
0	1	1	1800000	4096	54.9316	0.0752116	730.362
0	1	1	1800000	4096	54.9316	0.0767457	715.762
0	1	1	1800000	4096	54.9316	0.076964	713.731
0	1	1	1800000	4096	54.9316	0.0761391	721.464
0	1	1	1800000	4096	54.9316	0.0761412	721.444
0	1	1	1800000	4096	54.9316	0.0761325	721.527
0	1	1	1800000	4096	54.9316	0.0749805	732.612
0	1	1	1800000	4096	54.9316	0.0770193	713.219
0	1	1	1800000	4096	54.9316	0.0772556	711.038
0	1	1	1800000	4096	54.9316	0.0772263	711.307
0	1	1	1800000	4096	54.9316	0.0748365	734.022
0	1	1	1800000	4096	54.9316	0.0765581	717.516
0	1	1	1800000	4096	54.9316	0.0763456	719.513
0	1	1	1800000	4096	54.9316	0.0747667	734.708
0	1	1	1800000	4096	54.9316	0.0769586	713.782
0	1	1	1900000	4096	57.9834	0.0798514	726.141
0	1	1	1900000	4096	57.9834	0.0776906	746.337
0	1	1	1900000	4096	57.9834	0.0793413	730.81
0	1	1	1900000	4096	57.9834	0.0800296	724.524
0	1	1	1900000	4096	57.9834	0.0782147	741.337
0	1	1	1900000	4096	57.9834	0.0768951	754.058
0	1	1	1900000	4096	57.9834	0.0777118	746.134
0	1	1	1900000	4096	57.9834	0.0796966	727.552
0	1	1	1900000	4096	57.9834	0.0789349	734.572
0	1	1	1900000	4096	57.9834	0.0776946	746.299
0	1	1	1900000	4096	57.9834	0.0788271	735.577
0	1	1	1900000	4096	57.9834	0.0775984	747.224
0	1	1	1900000	4096	57.9834	0.0788479	735.383
0	1	1	1900000	4096	57.9834	0.0775025	748.148
0	1	1	1900000	4096	57.9834	0.0799077	725.63
0	1	1	1900000	4096	57.9834	0.078671	737.037
0	1	1	1900000	4096	57.9834	0.0797495	727.069
0	1	1	1900000	4096	57.9834	0.0774969	748.203
0	1	1	1900000	4096	57.9834	0.0777477	745.789
0	1	1	1900000	4096	57.9834	0.0795731	728.681
0	1	1	2000000	4096	61.0352	0.0834043	731.799
0	1	1	2000000	4096	61.0352	0.0798525	764.349
0	1	1	2000000	4096	61.0352	0.0823008	741.611
0	1	1	2000000	4096	61.0352	0.0823499	741.168
0	1	1	2000000	4096	61.0352	0.0809146	754.316
0	1	1	2000000	4096	61.0352	0.0824538	740.235
0	1	1	2000000	4096	61.0352	0.0802842	760.238
0	1	1	2000000	4096	61.0352	0.0817923	746.222
0	1	1	2000000	4096	61.0352	0.0843406	723.675
0	1	1	2000000	4096	61.0352	0.0828575	736.628
0	1	1	2000000	4096	61.0352	0.0854614	714.184
0	1	1	2000000	4096	61.0352	0.0830376	735.03
0	1	1	2000000	4096	61.0352	0.0823938	740.773
0	1	1	2000000	4096	61.0352	0.0824118	740.612
0	1	1	2000000	4096	61.0352	0.0814469	749.386
0	1	1	2000000	4096	61.0352	0.0830481	734.937
0	1	1	2000000	4096	61.0352	0.0826804	738.206
0	1	1	2000000	4096	61.0352	0.0827831	737.29
0	1	1	2000000	4096	61.0352	0.081798	746.17
0	1	1	2000000	4096	61.0352	0.0830198	735.188
0	1	1	2100000	4096	64.0869	0.085689	747.902
0	1	1	2100000	4096	64.0869	0.086539	740.555
0	1	1	2100000	4096	64.0869	0.0871491	735.371
0	1	1	2100000	4096	64.0869	0.0829244	772.835
0	1	1	2100000	4096	64.0869	0.0828747	773.299
0	1	1	2100000	4096	64.0869	0.0841316	761.746
0	1	1	2100000	4096	64.0869	0.083833	764.459
0	1	1	2100000	4096	64.0869	0.0862052	743.423
0	1	1	2100000	4096	64.0869	0.0830672	771.507
0	1	1	2100000	4096	64.0869	0.0866476	739.627
0	1	1	2100000	4096	64.0869	0.0849144	754.724
0	1	1	2100000	4096	64.0869	0.0849306	754.58
0	1	1	2100000	4096	64.0869	0.0844568	758.813
0	1	1	2100000	4096	64.0869	0.083489	767.61
0	1	1	2100000	4096	64.0869	0.0860293	744.943
0	1	1	2100000	4096	64.0869	0.0872954	734.139
0	1	1	2100000	4096	64.0869	0.0856714	748.055
0	1	1	2100000	4096	64.0869	0.084898	754.869
0	1	1	2100000	4096	64.0869	0.0856205	748.5
0	1	1	2100000	4096	64.0869	0.0852977	751.332
0	1	1	2200000	4096	67.1387	0.0874555	767.689
0	1	1	2200000	4096	67.1387	0.0857884	782.608
0	1	1	2200000	4096	67.1387	0.087877	764.007
0	1	1	2200000	4096	67.1387	0.0885621	758.097
0	1	1	2200000	4096	67.1387	0.0883739	759.711
0	1	1	2200000	4096	67.1387	0.0895639	749.617
0	1	1	2200000	4096	67.1387	0.0892612	752.159
0	1	1	2200000	4096	67.1387	0.0871107	770.728
0	1	1	2200000	4096	67.1387	0.0878655	764.108
0	1	1	2200000	4096	67.1387	0.0881061	762.02
0	1	1	2200000	4096	67.1387	0.0886171	757.626
0	1	1	2200000	4096	67.1387	0.082707	811.765
0	1	1	2200000	4096	67.1387	0.0866195	775.099
0	1	1	2200000	4096	67.1387	0.0901474	744.765
0	1	1	2200000	4096	67.1387	0.0891139	753.403
0	1	1	2200000	4096	67.1387	0.0865487	775.733
0	1	1	2200000	4096	67.1387	0.0884183	759.33
0	1	1	2200000	4096	67.1387	0.0887513	756.481
0	1	1	2200000	4096	67.1387	0.086203	778.844
0	1	1	2200000	4096	67.1387	0.0886717	757.16
0	1	1	2300000	4096	70.1904	0.0907877	773.127
0	1	1	2300000	4096	70.1904	0.0915899	766.356
0	1	1	2300000	4096	70.1904	0.0904602	775.927
0	1	1	2300000	4096	70.1904	0.0907063	773.82
0	1	1	2300000	4096	70.1904	0.0913643	768.248
0	1	1	2300000	4096	70.1904	0.0907016	773.861
0	1	1	2300000	4096	70.1904	0.0906293	774.478
0	1	1	2300000	4096	70.1904	0.092383	759.776
0	1	1	2300000	4096	70.1904	0.0888125	790.321
0	1	1	2300000	4096	70.1904	0.091484	767.243
0	1	1	2300000	4096	70.1904	0.084973	826.033
0	1	1	2300000	4096	70.1904	0.0922646	760.752
0	1	1	2300000	4096	70.1904	0.0915769	766.464
0	1	1	2300000	4096	70.1904	0.0916231	766.078
0	1	1	2300000	4096	70.1904	0.0915657	766.558
0	1	1	2300000	4096	70.1904	0.0926244	757.797
0	1	1	2300000	4096	70.1904	0.0905808	774.893
0	1	1	2300000	4096	70.1904	0.0912739	769.009
0	1	1	2300000	4096	70.1904	0.0915908	766.348
0	1	1	2300000	4096	70.1904	0.0903456	776.91
0	1	1	2400000	4096	73.2422	0.0948777	771.964
0	1	1	2400000	4096	73.2422	0.0948473	772.211
0	1	1	2400000	4096	73.2422	0.0913852	801.467
0	1	1	2400000	4096	73.2422	0.0960775	762.324
0	1	1	2400000	4096	73.2422	0.0936605	781.997
0	1	1	2400000	4096	73.2422	0.0948347	772.314
0	1	1	2400000	4096	73.2422	0.0944958	775.084
0	1	1	2400000	4096	73.2422	0.0940223	778.987
0	1	1	2400000	4096	73.2422	0.0926523	790.506
0	1	1	2400000	4096	73.2422	0.0943595	776.204
0	1	1	2400000	4096	73.2422	0.0943594	776.205
0	1	1	2400000	4096	73.2422	0.0952894	768.629
0	1	1	2400000	4096	73.2422	0.0875876	836.216
0	1	1	2400000	4096	73.2422	0.094955	771.336
0	1	1	2400000	4096	73.2422	0.0965768	758.383
0	1	1	2400000	4096	73.2422	0.0924862	791.926
0	1	1	2400000	4096	73.2422	0.0944544	775.424
0	1	1	2400000	4096	73.2422	0.0942244	777.317
0	1	1	2400000	4096	73.2422	0.0933723	784.41
0	1	1	2400000	4096	73.2422	0.0945316	774.79
0	1	1	2500000	4096	76.2939	0.100645	758.051
0	1	1	2500000	4096	76.2939	0.0973922	783.368
0	1	1	2500000	4096	76.2939	0.0960668	794.176
0	1	1	2500000	4096	76.2939	0.0949758	803.299
0	1	1	2500000	4096	76.2939	0.0984212	775.178
0	1	1	2500000	4096	76.2939	0.0889253	857.956
0	1	1	2500000	4096	76.2939	0.0975467	782.127
0	1	1	2500000	4096	76.2939	0.100121	762.017
0	1	1	2500000	4096	76.2939	0.0957642	796.686
0	1	1	2500000	4096	76.2939	0.0990236	770.462
0	1	1	2500000	4096	76.2939	0.0966788	789.149
0	1	1	2500000	4096	76.2939	0.0966826	789.117
0	1	1	2500000	4096	76.2939	0.0975829	781.837
0	1	1	2500000	4096	76.2939	0.097152	785.305
0	1	1	2500000	4096	76.2939	0.099153	769.457
0	1	1	2500000	4096	76.2939	0.0997733	764.673
0	1	1	2500000	4096	76.2939	0.0963801	791.594
0	1	1	2500000	4096	76.2939	0.0974824	782.643
0	1	1	2500000	4096	76.2939	0.0988259	772.003
0	1	1	2500000	4096	76.2939	0.0987569	772.543
0	1	1	2600000	4096	79.3457	0.102277	775.792
0	1	1	2600000	4096	79.3457	0.100145	792.306
0	1	1	2600000	4096	79.3457	0.093064	852.593
0	1	1	2600000	4096	79.3457	0.100068	792.921
0	1	1	2600000	4096	79.3457	0.100141	792.341
0	1	1	2600000	4096	79.3457	0.100368	790.55
0	1	1	2600000	4096	79.3457	0.0996449	796.284
0	1	1	2600000	4096	79.3457	0.101238	783.755
0	1	1	2600000	4096	79.3457	0.102154	776.729
0	1	1	2600000	4096	79.3457	0.100061	792.975
0	1	1	2600000	4096	79.3457	0.101396	782.537
0	1	1	2600000	4096	79.3457	0.100432	790.045
0	1	1	2600000	4096	79.3457	0.0988564	802.636
0	1	1	2600000	4096	79.3457	0.0989477	801.895
0	1	1	2600000	4096	79.3457	0.099693	795.9
0	1	1	2600000	4096	79.3457	0.102477	774.277
0	1	1	2600000	4096	79.3457	0.100147	792.294
0	1	1	2600000	4096	79.3457	0.10138	782.659
0	1	1	2600000	4096	79.3457	0.0979894	809.738
0	1	1	2600000	4096	79.3457	0.101785	779.543
0	1	1	2700000	4096	82.3975	0.104231	790.525
0	1	1	2700000	4096	82.3975	0.10373	794.346
0	1	1	2700000	4096	82.3975	0.105018	784.606
0	1	1	2700000	4096	82.3975	0.103931	792.809
0	1	1	2700000	4096	82.3975	0.102627	802.879
0	1	1	2700000	4096	82.3975	0.104707	786.93
0	1	1	2700000	4096	82.3975	0.101369	812.85
0	1	1	2700000	4096	82.3975	0.104216	790.641
0	1	1	2700000	4096	82.3975	0.103669	794.811
0	1	1	2700000	4096	82.3975	0.098427	837.143
0	1	1	2700000	4096	82.3975	0.104627	787.533
0	1	1	2700000	4096	82.3975	0.10399	792.361
0	1	1	2700000	4096	82.3975	0.103881	793.19
0	1	1	2700000	4096	82.3975	0.1058	778.803
0	1	1	2700000	4096	82.3975	0.102902	800.736
0	1	1	2700000	4096	82.3975	0.105563	780.556
0	1	1	2700000	4096	82.3975	0.101677	810.386
0	1	1	2700000	4096	82.3975	0.10395	792.662
0	1	1	2700000	4096	82.3975	0.104416	789.127
0	1	1	2700000	4096	82.3975	0.099361	829.274
0	1	1	2800000	4096	85.4492	0.105568	809.424
0	1	1	2800000	4096	85.4492	0.106558	801.905
0	1	1	2800000	4096	85.4492	0.103932	822.168
0	1	1	2800000	4096	85.4492	0.1045	817.697
0	1	1	2800000	4096	85.4492	0.108091	790.534
0	1	1	2800000	4096	85.4492	0.105857	807.214
0	1	1	2800000	4096	85.4492	0.106876	799.521
0	1	1	2800000	4096	85.4492	0.106851	799.705
0	1	1	2800000	4096	85.4492	0.102468	833.909
0	1	1	2800000	4096	85.4492	0.104393	818.533
0	1	1	2800000	4096	85.4492	0.107868	792.166
0	1	1	2800000	4096	85.4492	0.106002	806.113
0	1	1	2800000	4096	85.4492	0.104028	821.402
0	1	1	2800000	4096	85.4492	0.106741	800.529
0	1	1	2800000	4096	85.4492	0.10668	800.985
0	1	1	2800000	4096	85.4492	0.108459	787.849
0	1	1	2800000	4096	85.4492	0.103881	822.57
0	1	1	2800000	4096	85.4492	0.109581	779.785
0	1	1	2800000	4096	85.4492	0.106595	801.627
0	1	1	2800000	4096	85.4492	0.105153	812.615
0	1	1	2900000	4096	88.501	0.105728	837.061
0	1	1	2900000	4096	88.501	0.110053	804.168
0	1	1	2900000	4096	88.501	0.110003	804.536
0	1	1	2900000	4096	88.501	0.110422	801.48
0	1	1	2900000	4096	88.501	0.108484	815.798
0	1	1	2900000	4096	88.501	0.10944	808.672
0	1	1	2900000	4096	88.501	0.109356	809.29
0	1	1	2900000	4096	88.501	0.109698	806.773
0	1	1	2900000	4096	88.501	0.110292	802.423
0	1	1	2900000	4096	88.501	0.107949	819.838
0	1	1	2900000	4096	88.501	0.109225	810.264
0	1	1	2900000	4096	88.501	0.109621	807.339
0	1	1	2900000	4096	88.501	0.111248	795.525
0	1	1	2900000	4096	88.501	0.109179	810.605
0	1	1	2900000	4096	88.501	0.11079	798.814
0	1	1	2900000	4096	88.501	0.110884	798.141
0	1	1	2900000	4096	88.501	0.110174	803.283
0	1	1	2900000	4096	88.501	0.110235	802.84
0	1	1	2900000	4096	88.501	0.111365	794.692
0	1	1	2900000	4096	88.501	0.11065	799.828
0	1	1	3000000	4096	91.5527	0.113206	808.726
0	1	1	3000000	4096	91.5527	0.114221	801.541
0	1	1	3000000	4096	91.5527	0.11318	808.911
0	1	1	3000000	4096	91.5527	0.112735	812.102
0	1	1	3000000	4096	91.5527	0.113386	807.446
0	1	1	3000000	4096	91.5527	0.111132	823.821
0	1	1	3000000	4096	91.5527	0.113007	810.15
0	1	1	3000000	4096	91.5527	0.108988	840.025
0	1	1	3000000	4096	91.5527	0.112756	811.953
0	1	1	3000000	4096	91.5527	0.113743	804.91
0	1	1	3000000	4096	91.5527	0.112907	810.866
0	1	1	3000000	4096	91.5527	0.110398	829.296
0	1	1	3000000	4096	91.5527	0.113954	803.418
0	1	1	3000000	4096	91.5527	0.109711	834.493
0	1	1	3000000	4096	91.5527	0.112432	814.293
0	1	1	3000000	4096	91.5527	0.106037	863.407
0	1	1	3000000	4096	91.5527	0.110369	829.518
0	1	1	3000000	4096	91.5527	0.109121	839.005
0	1	1	3000000	4096	91.5527	0.114559	799.173
0	1	1	3000000	4096	91.5527	0.112732	812.129
0	1	1	3100000	4096	94.6045	0.10566	895.37
0	1	1	3100000	4096	94.6045	0.11193	845.211
0	1	1	3100000	4096	94.6045	0.116305	813.418
0	1	1	3100000	4096	94.6045	0.118502	798.338
0	1	1	3100000	4096	94.6045	0.113575	832.973
0	1	1	3100000	4096	94.6045	0.113467	833.764
0	1	1	3100000	4096	94.6045	0.116693	810.715
0	1	1	3100000	4096	94.6045	0.116656	810.971
0	1	1	3100000	4096	94.6045	0.112838	838.408
0	1	1	3100000	4096	94.6045	0.117926	802.236
0	1	1	3100000	4096	94.6045	0.116299	813.458
0	1	1	3100000	4096	94.6045	0.116446	812.432
0	1	1	3100000	4096	94.6045	0.114991	822.713
0	1	1	3100000	4096	94.6045	0.116773	810.158
0	1	1	3100000	4096	94.6045	0.114887	823.457
0	1	1	3100000	4096	94.6045	0.111731	846.714
0	1	1	3100000	4096	94.6045	0.115008	822.592
0	1	1	3100000	4096	94.6045	0.109227	866.131
0	1	1	3100000	4096	94.6045	0.112361	841.97
0	1	1	3100000	4096	94.6045	0.112661	839.726
0	1	1	3200000	4096	97.6562	0.115389	846.325
0	1	1	3200000	4096	97.6562	0.119335	818.339
0	1	1	3200000	4096	97.6562	0.117991	827.655
0	1	1	3200000	4096	97.6562	0.120055	813.429
0	1	1	3200000	4096	97.6562	0.118523	823.941
0	1	1	3200000	4096	97.6562	0.118317	825.381
0	1	1	3200000	4096	97.6562	0.116867	835.618
0	1	1	3200000	4096	97.6562	0.116789	836.177
0	1	1	3200000	4096	97.6562	0.116298	839.707
0	1	1	3200000	4096	97.6562	0.119449	817.557
0	1	1	3200000	4096	97.6562	0.120874	807.919
0	1	1	3200000	4096	97.6562	0.118212	826.108
0	1	1	3200000	4096	97.6562	0.115686	844.147
0	1	1	3200000	4096	97.6562	0.119612	816.443
0	1	1	3200000	4096	97.6562	0.118454	824.421
0	1	1	3200000	4096	97.6562	0.118702	822.701
0	1	1	3200000	4096	97.6562	0.116499	838.261
0	1	1	3200000	4096	97.6562	0.117243	832.94
0	1	1	3200000	4096	97.6562	0.119682	815.966
0	1	1	3200000	4096	97.6562	0.120046	813.489
0	1	1	3300000	4096	100.708	0.122689	820.837
0	1	1	3300000	4096	100.708	0.118815	847.6
0	1	1	3300000	4096	100.708	0.119324	843.986
0	1	1	3300000	4096	100.708	0.122373	822.96
0	1	1	3300000	4096	100.708	0.124091	811.564
0	1	1	3300000	4096	100.708	0.121619	828.061
0	1	1	3300000	4096	100.708	0.121118	831.488
0	1	1	3300000	4096	100.708	0.119804	840.606
0	1	1	3300000	4096	100.708	0.122896	819.459
0	1	1	3300000	4096	100.708	0.121251	830.574
0	1	1	3300000	4096	100.708	0.122857	819.717
0	1	1	3300000	4096	100.708	0.122194	824.166
0	1	1	3300000	4096	100.708	0.12064	834.783
0	1	1	3300000	4096	100.708	0.124327	810.024
0	1	1	3300000	4096	100.708	0.120114	838.439
0	1	1	3300000	4096	100.708	0.121901	826.149
0	1	1	3300000	4096	100.708	0.121216	830.816
0	1	1	3300000	4096	100.708	0.120379	836.593
0	1	1	3300000	4096	100.708	0.118566	849.382
0	1	1	3300000	4096	100.708	0.121878	826.299
0	1	1	3400000	4096	103.76	0.124182	835.543
0	1	1	3400000	4096	103.76	0.123379	840.987
0	1	1	3400000	4096	103.76	0.125435	827.199
0	1	1	3400000	4096	103.76	0.126929	817.462
0	1	1	3400000	4096	103.76	0.126309	821.479
0	1	1	3400000	4096	103.76	0.124602	832.731
0	1	1	3400000	4096	103.76	0.124301	834.743
0	1	1	3400000	4096	103.76	0.124304	834.729
0	1	1	3400000	4096	103.76	0.124275	834.919
0	1	1	3400000	4096	103.76	0.121955	850.805
0	1	1	3400000	4096	103.76	0.125643	825.833
0	1	1	3400000	4096	103.76	0.125717	825.346
0	1	1	3400000	4096	103.76	0.124014	836.677
0	1	1	3400000	4096	103.76	0.125203	828.733
0	1	1	3400000	4096	103.76	0.125289	828.162
0	1	1	3400000	4096	103.76	0.128067	810.2
0	1	1	3400000	4096	103.76	0.125324	827.934
0	1	1	3400000	4096	103.76	0.121487	854.082
0	1	1	3400000	4096	103.76	0.124242	835.141
0	1	1	3400000	4096	103.76	0.124049	836.442
0	1	1	3500000	4096	106.812	0.129293	826.117
0	1	1	3500000	4096	106.812	0.127777	835.92
0	1	1	3500000	4096	106.812	0.126312	845.614
0	1	1	3500000	4096	106.812	0.130023	821.483
0	1	1	3500000	4096	106.812	0.126516	844.255
0	1	1	3500000	4096	106.812	0.128318	832.398
0	1	1	3500000	4096	106.812	0.127698	836.438
0	1	1	3500000	4096	106.812	0.121751	877.295
0	1	1	3500000	4096	106.812	0.129576	824.314
0	1	1	3500000	4096	106.812	0.128528	831.035
0	1	1	3500000	4096	106.812	0.126384	845.132
0	1	1	3500000	4096	106.812	0.12834	832.255
0	1	1	3500000	4096	106.812	0.121514	879.009
0	1	1	3500000	4096	106.812	0.129407	825.395
0	1	1	3500000	4096	106.812	0.130291	819.792
0	1	1	3500000	4096	106.812	0.130042	821.362
0	1	1	3500000	4096	106.812	0.126805	842.33
0	1	1	3500000	4096	106.812	0.129096	827.383
0	1	1	3500000	4096	106.812	0.125962	847.967
0	1	1	3500000	4096	106.812	0.128096	833.843
0	1	1	3600000	4096	109.863	0.130837	839.699
0	1	1	3600000	4096	109.863	0.131633	834.619
0	1	1	3600000	4096	109.863	0.12794	858.712
0	1	1	3600000	4096	109.863	0.130825	839.775
0	1	1	3600000	4096	109.863	0.127828	859.46
0	1	1	3600000	4096	109.863	0.128259	856.574
0	1	1	3600000	4096	109.863	0.128194	857.01
0	1	1	3600000	4096	109.863	0.1307	840.576
0	1	1	3600000	4096	109.863	0.132081	831.79
0	1	1	3600000	4096	109.863	0.131694	834.229
0	1	1	3600000	4096	109.863	0.131798	833.575
0	1	1	3600000	4096	109.863	0.122139	899.495
0	1	1	3600000	4096	109.863	0.128069	857.842
0	1	1	3600000	4096	109.863	0.133129	825.241
0	1	1	3600000	4096	109.863	0.128897	852.335
0	1	1	3600000	4096	109.863	0.13436	817.678
0	1	1	3600000	4096	109.863	0.130743	840.301
0	1	1	3600000	4096	109.863	0.133507	822.901
0	1	1	3600000	4096	109.863	0.130018	844.986
0	1	1	3600000	4096	109.863	0.132538	828.917
0	1	1	3700000	4096	112.915	0.134288	840.844
0	1	1	3700000	4096	112.915	0.13293	849.433
0	1	1	3700000	4096	112.915	0.135511	833.254
0	1	1	3700000	4096	112.915	0.133437	846.202
0	1	1	3700000	4096	112.915	0.13553	833.136
0	1	1	3700000	4096	112.915	0.133522	845.669
0	1	1	3700000	4096	112.915	0.134298	840.78
0	1	1	3700000	4096	112.915	0.150071	752.41
0	1	1	3700000	4096	112.915	0.130653	864.236
0	1	1	3700000	4096	112.915	0.134554	839.18
0	1	1	3700000	4096	112.915	0.134594	838.932
0	1	1	3700000	4096	112.915	0.135335	834.337
0	1	1	3700000	4096	112.915	0.133002	848.973
0	1	1	3700000	4096	112.915	0.132588	851.623
0	1	1	3700000	4096	112.915	0.143826	785.08
0	1	1	3700000	4096	112.915	0.133582	845.284
0	1	1	3700000	4096	112.915	0.13591	830.808
0	1	1	3700000	4096	112.915	0.130943	862.324
0	1	1	3700000	4096	112.915	0.13416	841.646
0	1	1	3700000	4096	112.915	0.129954	868.885
0	1	1	3800000	4096	115.967	0.134754	860.584
0	1	1	3800000	4096	115.967	0.137952	840.63
0	1	1	3800000	4096	115.967	0.138765	835.707
0	1	1	3800000	4096	115.967	0.139324	832.354
0	1	1	3800000	4096	115.967	0.13695	846.78
0	1	1	3800000	4096	115.967	0.134412	862.768
0	1	1	3800000	4096	115.967	0.136974	846.631
0	1	1	3800000	4096	115.967	0.134323	863.343
0	1	1	3800000	4096	115.967	0.136946	846.805
0	1	1	3800000	4096	115.967	0.136431	850.003
0	1	1	3800000	4096	115.967	0.136473	849.743
0	1	1	3800000	4096	115.967	0.136904	847.069
0	1	1	3800000	4096	115.967	0.13429	863.553
0	1	1	3800000	4096	115.967	0.134878	859.791
0	1	1	3800000	4096	115.967	0.135562	855.453
0	1	1	3800000	4096	115.967	0.152944	758.23
0	1	1	3800000	4096	115.967	0.133704	867.34
0	1	1	3800000	4096	115.967	0.138532	837.111
0	1	1	3800000	4096	115.967	0.138193	839.165
0	1	1	3800000	4096	115.967	0.135337	856.872
0	1	1	3900000	4096	119.019	0.139443	853.528
0	1	1	3900000	4096	119.019	0.134132	887.322
0	1	1	3900000	4096	119.019	0.140973	844.264
0	1	1	3900000	4096	119.019	0.137221	867.35
0	1	1	3900000	4096	119.019	0.138619	858.604
0	1	1	3900000	4096	119.019	0.140405	847.68
0	1	1	3900000	4096	119.019	0.141169	843.092
0	1	1	3900000	4096	119.019	0.134538	884.647
0	1	1	3900000	4096	119.019	0.134621	884.102
0	1	1	3900000	4096	119.019	0.140485	847.2
0	1	1	3900000	4096	119.019	0.139066	855.844
0	1	1	3900000	4096	119.019	0.139209	854.96
0	1	1	3900000	4096	119.019	0.140533	846.906
0	1	1	3900000	4096	119.019	0.134097	887.553
0	1	1	3900000	4096	119.019	0.137712	864.258
0	1	1	3900000	4096	119.019	0.137364	866.448
0	1	1	3900000	4096	119.019	0.137951	862.757
0	1	1	3900000	4096	119.019	0.141489	841.188
0	1	1	3900000	4096	119.019	0.141285	842.402
0	1	1	3900000	4096	119.019	0.140982	844.21
0	1	1	4000000	4096	122.07	0.142809	854.781
0	1	1	4000000	4096	122.07	0.138831	879.273
0	1	1	4000000	4096	122.07	0.139067	877.782
0	1	1	4000000	4096	122.07	0.132719	919.765
0	1	1	4000000	4096	122.07	0.145306	840.089
0	1	1	4000000	4096	122.07	0.142027	859.488
0	1	1	4000000	4096	122.07	0.142327	857.675
0	1	1	4000000	4096	122.07	0.144252	846.231
0	1	1	4000000	4096	122.07	0.143138	852.818
0	1	1	4000000	4096	122.07	0.146409	833.761
0	1	1	4000000	4096	122.07	0.143529	850.493
0	1	1	4000000	4096	122.07	0.142986	853.725
0	1	1	4000000	4096	122.07	0.13613	896.721
0	1	1	4000000	4096	122.07	0.160992	758.239
0	1	1	4000000	4096	122.07	0.144919	842.334
0	1	1	4000000	4096	122.07	0.140869	866.55
0	1	1	4000000	4096	122.07	0.143504	850.643
0	1	1	4000000	4096	122.07	0.141576	862.223
0	1	1	4000000	4096	122.07	0.143724	849.338
0	1	1	4000000	4096	122.07	0.143874	848.456
0	1	1	4100000	4096	125.122	0.143643	871.061
0	1	1	4100000	4096	125.122	0.146599	853.499
0	1	1	4100000	4096	125.122	0.142896	875.617
0	1	1	4100000	4096	125.122	0.148587	842.082
0	1	1	4100000	4096	125.122	0.148187	844.353
0	1	1	4100000	4096	125.122	0.137921	907.198
0	1	1	4100000	4096	125.122	0.146361	854.89
0	1	1	4100000	4096	125.122	0.148335	843.507
0	1	1	4100000	4096	125.122	0.147336	849.227
0	1	1	4100000	4096	125.122	0.145655	859.033
0	1	1	4100000	4096	125.122	0.14633	855.069
0	1	1	4100000	4096	125.122	0.149189	838.681
0	1	1	4100000	4096	125.122	0.143579	871.45
0	1	1	4100000	4096	125.122	0.146744	852.654
0	1	1	4100000	4096	125.122	0.139133	899.296
0	1	1	4100000	4096	125.122	0.144037	868.679
0	1	1	4100000	4096	125.122	0.146742	852.666
0	1	1	4100000	4096	125.122	0.14576	858.414
0	1	1	4100000	4096	125.122	0.14833	843.541
0	1	1	4100000	4096	125.122	0.147653	847.408
0	1	1	4200000	4096	128.174	0.149345	858.239
0	1	1	4200000	4096	128.174	0.145745	879.442
0	1	1	4200000	4096	128.174	0.149193	859.114
0	1	1	4200000	4096	128.174	0.149692	856.249
0	1	1	4200000	4096	128.174	0.147547	868.697
0	1	1	4200000	4096	128.174	0.149938	854.845
0	1	1	4200000	4096	128.174	0.149757	855.881
0	1	1	4200000	4096	128.174	0.148474	863.275
0	1	1	4200000	4096	128.174	0.149806	855.601
0	1	1	4200000	4096	128.174	0.141525	905.661
0	1	1	4200000	4096	128.174	0.14499	884.02
0	1	1	4200000	4096	128.174	0.149356	858.177
0	1	1	4200000	4096	128.174	0.147285	870.243
0	1	1	4200000	4096	128.174	0.137492	932.23
0	1	1	4200000	4096	128.174	0.136565	938.557
0	1	1	4200000	4096	128.174	0.150464	851.858
0	1	1	4200000	4096	128.174	0.148479	863.245
0	1	1	4200000	4096	128.174	0.150872	849.555
0	1	1	4200000	4096	128.174	0.14582	878.988
0	1	1	4200000	4096	128.174	0.151076	848.404
0	1	1	4300000	4096	131.226	0.15496	846.835
0	1	1	4300000	4096	131.226	0.148784	881.989
0	1	1	4300000	4096	131.226	0.152681	859.473
0	1	1	4300000	4096	131.226	0.154979	846.731
0	1	1	4300000	4096	131.226	0.152423	860.933
0	1	1	4300000	4096	131.226	0.142598	920.252
0	1	1	4300000	4096	131.226	0.154042	851.881
0	1	1	4300000	4096	131.226	0.148806	881.858
0	1	1	4300000	4096	131.226	0.1487	882.483
0	1	1	4300000	4096	131.226	0.153578	854.454
0	1	1	4300000	4096	131.226	0.155249	845.261
0	1	1	4300000	4096	131.226	0.155976	841.317
0	1	1	4300000	4096	131.226	0.15232	861.515
0	1	1	4300000	4096	131.226	0.1422	922.822
0	1	1	4300000	4096	131.226	0.147837	887.639
0	1	1	4300000	4096	131.226	0.151966	863.521
0	1	1	4300000	4096	131.226	0.148819	881.78
0	1	1	4300000	4096	131.226	0.154619	848.7
0	1	1	4300000	4096	131.226	0.149557	877.429
0	1	1	4300000	4096	131.226	0.152917	858.146
0	1	1	4400000	4096	134.277	0.154614	868.465
0	1	1	4400000	4096	134.277	0.158084	849.406
0	1	1	4400000	4096	134.277	0.157077	854.85
0	1	1	4400000	4096	134.277	0.157349	853.371
0	1	1	4400000	4096	134.277	0.155783	861.949
0	1	1	4400000	4096	134.277	0.155022	866.185
0	1	1	4400000	4096	134.277	0.158423	847.589
0	1	1	4400000	4096	134.277	0.154875	867.005
0	1	1	4400000	4096	134.277	0.15461	868.491
0	1	1	4400000	4096	134.277	0.155994	860.785
0	1	1	4400000	4096	134.277	0.141794	946.989
0	1	1	4400000	4096	134.277	0.155288	864.697
0	1	1	4400000	4096	134.277	0.1547	867.986
0	1	1	4400000	4096	134.277	0.14749	910.418
0	1	1	4400000	4096	134.277	0.152255	881.923
0	1	1	4400000	4096	134.277	0.15376	873.29
0	1	1	4400000	4096	134.277	0.15552	863.408
0	1	1	4400000	4096	134.277	0.154729	867.823
0	1	1	4400000	4096	134.277	0.150665	891.232
0	1	1	4400000	4096	134.277	0.151893	884.026
0	1	1	4500000	4096	137.329	0.158215	867.989
0	1	1	4500000	4096	137.329	0.159323	861.955
0	1	1	4500000	4096	137.329	0.157097	874.168
0	1	1	4500000	4096	137.329	0.154299	890.02
0	1	1	4500000	4096	137.329	0.158278	867.647
0	1	1	4500000	4096	137.329	0.156114	879.671
0	1	1	4500000	4096	137.329	0.156686	876.459
0	1	1	4500000	4096	137.329	0.159179	862.732
0	1	1	4500000	4096	137.329	0.158838	864.584
0	1	1	4500000	4096	137.329	0.157833	870.093
0	1	1	4500000	4096	137.329	0.154793	887.18
0	1	1	4500000	4096	137.329	0.16147	850.492
0	1	1	4500000	4096	137.329	0.158452	866.692
0	1	1	4500000	4096	137.329	0.157781	870.379
0	1	1	4500000	4096	137.329	0.178966	767.348
0	1	1	4500000	4096	137.329	0.161446	850.619
0	1	1	4500000	4096	137.329	0.156125	879.612
0	1	1	4500000	4096	137.329	0.159909	858.797
0	1	1	4500000	4096	137.329	0.156044	880.068
0	1	1	4500000	4096	137.329	0.158675	865.474
0	1	1	4600000	4096	140.381	0.155075	905.243
0	1	1	4600000	4096	140.381	0.16004	877.16
0	1	1	4600000	4096	140.381	0.15615	899.015
0	1	1	4600000	4096	140.381	0.165193	849.801
0	1	1	4600000	4096	140.381	0.156597	896.444
0	1	1	4600000	4096	140.381	0.162343	864.716
0	1	1	4600000	4096	140.381	0.160127	876.683
0	1	1	4600000	4096	140.381	0.158409	886.19
0	1	1	4600000	4096	140.381	0.149239	940.647
0	1	1	4600000	4096	140.381	0.181638	772.861
0	1	1	4600000	4096	140.381	0.142388	985.901
0	1	1	4600000	4096	140.381	0.16303	861.072
0	1	1	4600000	4096	140.381	0.160888	872.539
0	1	1	4600000	4096	140.381	0.163899	856.507
0	1	1	4600000	4096	140.381	0.155354	903.621
0	1	1	4600000	4096	140.381	0.162756	862.522
0	1	1	4600000	4096	140.381	0.161178	870.97
0	1	1	4600000	4096	140.381	0.162681	862.923
0	1	1	4600000	4096	140.381	0.157746	889.918
0	1	1	4600000	4096	140.381	0.156821	895.167
0	1	1	4700000	4096	143.433	0.165216	868.152
0	1	1	4700000	4096	143.433	0.164909	869.768
0	1	1	4700000	4096	143.433	0.164436	872.271
0	1	1	4700000	4096	143.433	0.159413	899.756
0	1	1	4700000	4096	143.433	0.166618	860.846
0	1	1	4700000	4096	143.433	0.163907	875.084
0	1	1	4700000	4096	143.433	0.159975	896.592
0	1	1	4700000	4096	143.433	0.165963	864.244
0	1	1	4700000	4096	143.433	0.160789	892.055
0	1	1	4700000	4096	143.433	0.163912	875.061
0	1	1	4700000	4096	143.433	0.160562	893.315
0	1	1	4700000	4096	143.433	0.164382	872.555
0	1	1	4700000	4096	143.433	0.164426	872.322
0	1	1	4700000	4096	143.433	0.167399	856.829
0	1	1	4700000	4096	143.433	0.166805	859.881
0	1	1	4700000	4096	143.433	0.167396	856.848
0	1	1	4700000	4096	143.433	0.186377	769.583
0	1	1	4700000	4096	143.433	0.161557	887.817
0	1	1	4700000	4096	143.433	0.160712	892.482
0	1	1	4700000	4096	143.433	0.165397	867.2
0	1	1	4800000	4096	146.484	0.160667	911.726
0	1	1	4800000	4096	146.484	0.163892	893.785
0	1	1	4800000	4096	146.484	0.16246	901.664
0	1	1	4800000	4096	146.484	0.167634	873.835
0	1	1	4800000	4096	146.484	0.169333	865.069
0	1	1	4800000	4096	146.484	0.16548	885.209
0	1	1	4800000	4096	146.484	0.162875	899.366
0	1	1	4800000	4096	146.484	0.168431	869.699
0	1	1	4800000	4096	146.484	0.168397	869.874
0	1	1	4800000	4096	146.484	0.168725	868.182
0	1	1	4800000	4096	146.484	0.169194	865.78
0	1	1	4800000	4096	146.484	0.168058	871.628
0	1	1	4800000	4096	146.484	0.170235	860.481
0	1	1	4800000	4096	146.484	0.165756	883.733
0	1	1	4800000	4096	146.484	0.16776	873.177
0	1	1	4800000	4096	146.484	0.166749	878.473
0	1	1	4800000	4096	146.484	0.166137	881.707
0	1	1	4800000	4096	146.484	0.169181	865.846
0	1	1	4800000	4096	146.484	0.170283	860.242
0	1	1	4800000	4096	146.484	0.168278	870.488
0	1	1	4900000	4096	149.536	0.16723	894.192
0	1	1	4900000	4096	149.536	0.168827	885.737
0	1	1	4900000	4096	149.536	0.174023	859.291
0	1	1	4900000	4096	149.536	0.172536	866.697
0	1	1	4900000	4096	149.536	0.172883	864.957
0	1	1	4900000	4096	149.536	0.168341	888.293
0	1	1	4900000	4096	149.536	0.17064	876.324
0	1	1	4900000	4096	149.536	0.171212	873.399
0	1	1	4900000	4096	149.536	0.166443	898.42
0	1	1	4900000	4096	149.536	0.172946	864.641
0	1	1	4900000	4096	149.536	0.165754	902.156
0	1	1	4900000	4096	149.536	0.174744	855.744
0	1	1	4900000	4096	149.536	0.170615	876.454
0	1	1	4900000	4096	149.536	0.170625	876.401
0	1	1	4900000	4096	149.536	0.166431	898.489
0	1	1	4900000	4096	149.536	0.168898	885.364
0	1	1	4900000	4096	149.536	0.164546	908.78
0	1	1	4900000	4096	149.536	0.171461	872.13
0	1	1	4900000	4096	149.536	0.171411	872.385
0	1	1	4900000	4096	149.536	0.152139	982.893
0	1	1	5000000	4096	152.588	0.176339	865.311
0	1	1	5000000	4096	152.588	0.166304	917.522
0	1	1	5000000	4096	152.588	0.173378	880.088
0	1	1	5000000	4096	152.588	0.167509	910.922
0	1	1	5000000	4096	152.588	0.176384	865.091
0	1	1	5000000	4096	152.588	0.165954	919.459
0	1	1	5000000	4096	152.588	0.176504	864.501
0	1	1	5000000	4096	152.588	0.169481	900.325
0	1	1	5000000	4096	152.588	0.167973	908.408
0	1	1	5000000	4096	152.588	0.17137	890.398
0	1	1	5000000	4096	152.588	0.174471	874.573
0	1	1	5000000	4096	152.588	0.174787	872.992
0	1	1	5000000	4096	152.588	0.173305	880.46
0	1	1	5000000	4096	152.588	0.159498	956.676
0	1	1	5000000	4096	152.588	0.175174	871.065
0	1	1	5000000	4096	152.588	0.174277	875.549
0	1	1	5000000	4096	152.588	0.158525	962.547
0	1	1	5000000	4096	152.588	0.161518	944.711
0	1	1	5000000	4096	152.588	0.175229	870.792
0	1	1	5000000	4096	152.588	0.173827	877.817
0	1	1	5100000	4096	155.64	0.173338	897.897
0	1	1	5100000	4096	155.64	0.174662	891.089
0	1	1	5100000	4096	155.64	0.174728	890.755
0	1	1	5100000	4096	155.64	0.177503	876.828
0	1	1	5100000	4096	155.64	0.171398	908.058
0	1	1	5100000	4096	155.64	0.159635	974.972
0	1	1	5100000	4096	155.64	0.175604	886.309
0	1	1	5100000	4096	155.64	0.179864	865.316
0	1	1	5100000	4096	155.64	0.175551	886.58
0	1	1	5100000	4096	155.64	0.176384	882.393
0	1	1	5100000	4096	155.64	0.177214	878.259
0	1	1	5100000	4096	155.64	0.177767	875.528
0	1	1	5100000	4096	155.64	0.176274	882.941
0	1	1	5100000	4096	155.64	0.177077	878.938
0	1	1	5100000	4096	155.64	0.175542	886.624
0	1	1	5100000	4096	155.64	0.17341	897.524
0	1	1	5100000	4096	155.64	0.172876	900.294
0	1	1	5100000	4096	155.64	0.171992	904.923
0	1	1	5100000	4096	155.64	0.178475	872.051
0	1	1	5100000	4096	155.64	0.178585	871.515
0	1	1	5200000	4096	158.691	0.183933	862.769
0	1	1	5200000	4096	158.691	0.182219	870.881
0	1	1	5200000	4096	158.691	0.180645	878.473
0	1	1	5200000	4096	158.691	0.163443	970.927
0	1	1	5200000	4096	158.691	0.180987	876.812
0	1	1	5200000	4096	158.691	0.179427	884.437
0	1	1	5200000	4096	158.691	0.211606	749.939
0	1	1	5200000	4096	158.691	0.182137	871.273
0	1	1	5200000	4096	158.691	0.183373	865.403
0	1	1	5200000	4096	158.691	0.178174	890.655
0	1	1	5200000	4096	158.691	0.180217	880.556
0	1	1	5200000	4096	158.691	0.17484	907.635
0	1	1	5200000	4096	158.691	0.174538	909.209
0	1	1	5200000	4096	158.691	0.177373	894.678
0	1	1	5200000	4096	158.691	0.181914	872.343
0	1	1	5200000	4096	158.691	0.172574	919.554
0	1	1	5200000	4096	158.691	0.180458	879.379
0	1	1	5200000	4096	158.691	0.16014	990.951
0	1	1	5200000	4096	158.691	0.182082	871.539
0	1	1	5200000	4096	158.691	0.173036	917.101
0	1	1	5300000	4096	161.743	0.17773	910.047
0	1	1	5300000	4096	161.743	0.183146	883.138
0	1	1	5300000	4096	161.743	0.176529	916.242
0	1	1	5300000	4096	161.743	0.186223	868.545
0	1	1	5300000	4096	161.743	0.184949	874.527
0	1	1	5300000	4096	161.743	0.182321	887.136
0	1	1	5300000	4096	161.743	0.183624	880.839
0	1	1	5300000	4096	161.743	0.182444	886.538
0	1	1	5300000	4096	161.743	0.183163	883.055
0	1	1	5300000	4096	161.743	0.184007	879.005
0	1	1	5300000	4096	161.743	0.182141	888.009
0	1	1	5300000	4096	161.743	0.18048	896.181
0	1	1	5300000	4096	161.743	0.184524	876.541
0	1	1	5300000	4096	161.743	0.183	883.842
0	1	1	5300000	4096	161.743	0.181326	892
0	1	1	5300000	4096	161.743	0.181361	891.828
0	1	1	5300000	4096	161.743	0.184006	879.012
0	1	1	5300000	4096	161.743	0.176676	915.477
0	1	1	5300000	4096	161.743	0.183108	883.319
0	1	1	5300000	4096	161.743	0.183635	880.785
0	1	1	5400000	4096	164.795	0.181822	906.355
0	1	1	5400000	4096	164.795	0.175227	940.468
0	1	1	5400000	4096	164.795	0.187918	876.952
0	1	1	5400000	4096	164.795	0.187733	877.815
0	1	1	5400000	4096	164.795	0.186708	882.633
0	1	1	5400000	4096	164.795	0.186208	885.005
0	1	1	5400000	4096	164.795	0.187113	880.725
0	1	1	5400000	4096	164.795	0.185579	888.006
0	1	1	5400000	4096	164.795	0.185887	886.532
0	1	1	5400000	4096	164.795	0.190306	865.945
0	1	1	5400000	4096	164.795	0.186268	884.718
0	1	1	5400000	4096	164.795	0.170942	964.041
0	1	1	5400000	4096	164.795	0.179901	916.029
0	1	1	5400000	4096	164.795	0.18317	899.681
0	1	1	5400000	4096	164.795	0.175949	936.605
0	1	1	5400000	4096	164.795	0.186214	884.977
0	1	1	5400000	4096	164.795	0.185942	886.272
0	1	1	5400000	4096	164.795	0.180646	912.251
0	1	1	5400000	4096	164.795	0.188259	875.361
0	1	1	5400000	4096	164.795	0.186656	882.879
0	1	1	5500000	4096	167.847	0.1773	946.681
0	1	1	5500000	4096	167.847	0.192653	871.24
0	1	1	5500000	4096	167.847	0.190095	882.964
0	1	1	5500000	4096	167.847	0.189665	884.965
0	1	1	5500000	4096	167.847	0.185259	906.013
0	1	1	5500000	4096	167.847	0.193827	865.961
0	1	1	5500000	4096	167.847	0.185813	903.307
0	1	1	5500000	4096	167.847	0.187608	894.669
0	1	1	5500000	4096	167.847	0.188339	891.197
0	1	1	5500000	4096	167.847	0.186277	901.058
0	1	1	5500000	4096	167.847	0.183396	915.213
0	1	1	5500000	4096	167.847	0.172904	970.75
0	1	1	5500000	4096	167.847	0.212137	791.22
0	1	1	5500000	4096	167.847	0.186806	898.506
0	1	1	5500000	4096	167.847	0.172758	971.57
0	1	1	5500000	4096	167.847	0.187943	893.074
0	1	1	5500000	4096	167.847	0.185425	905.201
0	1	1	5500000	4096	167.847	0.185301	905.805
0	1	1	5500000	4096	167.847	0.18964	885.08
0	1	1	5500000	4096	167.847	0.188839	888.835
0	1	1	5600000	4096	170.898	0.192837	886.23
0	1	1	5600000	4096	170.898	0.18588	919.403
0	1	1	5600000	4096	170.898	0.193783	881.906
0	1	1	5600000	4096	170.898	0.191782	891.106
0	1	1	5600000	4096	170.898	0.187521	911.358
0	1	1	5600000	4096	170.898	0.193451	883.419
0	1	1	5600000	4096	170.898	0.192189	889.219
0	1	1	5600000	4096	170.898	0.207869	822.144
0	1	1	5600000	4096	170.898	0.190404	897.557
0	1	1	5600000	4096	170.898	0.180268	948.026
0	1	1	5600000	4096	170.898	0.188091	908.594
0	1	1	5600000	4096	170.898	0.191172	893.95
0	1	1	5600000	4096	170.898	0.18729	912.478
0	1	1	5600000	4096	170.898	0.192166	889.326
0	1	1	5600000	4096	170.898	0.189153	903.491
0	1	1	5600000	4096	170.898	0.176633	967.534
0	1	1	5600000	4096	170.898	0.190671	896.302
0	1	1	5600000	4096	170.898	0.191889	890.612
0	1	1	5600000	4096	170.898	0.192515	887.715
0	1	1	5600000	4096	170.898	0.192708	886.824
0	1	1	5700000	4096	173.95	0.190627	912.514
0	1	1	5700000	4096	173.95	0.1968	883.893
0	1	1	5700000	4096	173.95	0.180993	961.088
0	1	1	5700000	4096	173.95	0.196704	884.323
0	1	1	5700000	4096	173.95	0.194037	896.479
0	1	1	5700000	4096	173.95	0.19649	885.286
0	1	1	5700000	4096	173.95	0.181806	956.789
0	1	1	5700000	4096	173.95	0.19598	887.591
0	1	1	5700000	4096	173.95	0.194962	892.228
0	1	1	5700000	4096	173.95	0.194444	894.602
0	1	1	5700000	4096	173.95	0.194858	892.703
0	1	1	5700000	4096	173.95	0.196529	885.114
0	1	1	5700000	4096	173.95	0.1849	940.781
0	1	1	5700000	4096	173.95	0.191613	907.822
0	1	1	5700000	4096	173.95	0.194169	895.868
0	1	1	5700000	4096	173.95	0.189356	918.64
0	1	1	5700000	4096	173.95	0.190577	912.754
0	1	1	5700000	4096	173.95	0.188502	922.804
0	1	1	5700000	4096	173.95	0.194808	892.932
0	1	1	5700000	4096	173.95	0.197499	880.763
0	1	1	5800000	4096	177.002	0.197096	898.051
0	1	1	5800000	4096	177.002	0.201127	880.05
0	1	1	5800000	4096	177.002	0.187482	944.099
0	1	1	5800000	4096	177.002	0.193826	913.199
0	1	1	5800000	4096	177.002	0.199811	885.846
0	1	1	5800000	4096	177.002	0.193435	915.046
0	1	1	5800000	4096	177.002	0.192829	917.923
0	1	1	5800000	4096	177.002	0.197521	896.116
0	1	1	5800000	4096	177.002	0.197726	895.188
0	1	1	5800000	4096	177.002	0.193638	914.087
0	1	1	5800000	4096	177.002	0.198731	890.659
0	1	1	5800000	4096	177.002	0.196793	899.434
0	1	1	5800000	4096	177.002	0.192886	917.653
0	1	1	5800000	4096	177.002	0.192971	917.248
0	1	1	5800000	4096	177.002	0.199654	886.546
0	1	1	5800000	4096	177.002	0.183622	963.948
0	1	1	5800000	4096	177.002	0.197659	895.494
0	1	1	5800000	4096	177.002	0.198982	889.536
0	1	1	5800000	4096	177.002	0.197972	894.078
0	1	1	5800000	4096	177.002	0.194589	909.621
0	1	1	5900000	4096	180.054	0.202622	888.617
0	1	1	5900000	4096	180.054	0.198104	908.883
0	1	1	5900000	4096	180.054	0.204308	881.284
0	1	1	5900000	4096	180.054	0.19933	903.294
0	1	1	5900000	4096	180.054	0.206036	873.894
0	1	1	5900000	4096	180.054	0.194766	924.46
0	1	1	5900000	4096	180.054	0.202282	890.112
0	1	1	5900000	4096	180.054	0.198894	905.277
0	1	1	5900000	4096	180.054	0.201467	893.713
0	1	1	5900000	4096	180.054	0.20321	886.046
0	1	1	5900000	4096	180.054	0.203415	885.156
0	1	1	5900000	4096	180.054	0.187678	959.374
0	1	1	5900000	4096	180.054	0.199833	901.021
0	1	1	5900000	4096	180.054	0.20116	895.079
0	1	1	5900000	4096	180.054	0.202626	888.601
0	1	1	5900000	4096	180.054	0.183312	982.225
0	1	1	5900000	4096	180.054	0.198589	906.667
0	1	1	5900000	4096	180.054	0.195442	921.263
0	1	1	5900000	4096	180.054	0.203176	886.195
0	1	1	5900000	4096	180.054	0.200176	899.479
0	1	1	6000000	4096	183.105	0.204528	895.257
0	1	1	6000000	4096	183.105	0.205314	891.834
0	1	1	6000000	4096	183.105	0.198652	921.742
0	1	1	6000000	4096	183.105	0.19064	960.479
0	1	1	6000000	4096	183.105	0.202822	902.788
0	1	1	6000000	4096	183.105	0.206309	887.531
0	1	1	6000000	4096	183.105	0.202544	904.028
0	1	1	6000000	4096	183.105	0.199458	918.016
0	1	1	6000000	4096	183.105	0.207039	884.402
0	1	1	6000000	4096	183.105	0.20696	884.739
0	1	1	6000000	4096	183.105	0.18546	987.302
0	1	1	6000000	4096	183.105	0.202942	902.256
0	1	1	6000000	4096	183.105	0.199807	916.414
0	1	1	6000000	4096	183.105	0.199825	916.331
0	1	1	6000000	4096	183.105	0.20325	900.888
0	1	1	6000000	4096	183.105	0.204359	896
0	1	1	6000000	4096	183.105	0.204701	894.502
0	1	1	6000000	4096	183.105	0.206076	888.532
0	1	1	6000000	4096	183.105	0.203057	901.742
0	1	1	6000000	4096	183.105	0.203551	899.557
0	1	1	6100000	4096	186.157	0.209053	890.48
0	1	1	6100000	4096	186.157	0.20988	886.969
0	1	1	6100000	4096	186.157	0.200539	928.285
0	1	1	6100000	4096	186.157	0.208433	893.126
0	1	1	6100000	4096	186.157	0.203977	912.637
0	1	1	6100000	4096	186.157	0.209439	888.837
0	1	1	6100000	4096	186.157	0.194864	955.32
0	1	1	6100000	4096	186.157	0.202544	919.097
0	1	1	6100000	4096	186.157	0.207832	895.71
0	1	1	6100000	4096	186.157	0.205933	903.971
0	1	1	6100000	4096	186.157	0.205512	905.821
0	1	1	6100000	4096	186.157	0.206837	900.018
0	1	1	6100000	4096	186.157	0.207757	896.035
0	1	1	6100000	4096	186.157	0.184583	1008.53
0	1	1	6100000	4096	186.157	0.206401	901.918
0	1	1	6100000	4096	186.157	0.208832	891.419
0	1	1	6100000	4096	186.157	0.208248	893.921
0	1	1	6100000	4096	186.157	0.209584	888.221
0	1	1	6100000	4096	186.157	0.201037	925.986
0	1	1	6100000	4096	186.157	0.205861	904.285
0	1	1	6200000	4096	189.209	0.206593	915.852
0	1	1	6200000	4096	189.209	0.210852	897.356
0	1	1	6200000	4096	189.209	0.211004	896.708
0	1	1	6200000	4096	189.209	0.201971	936.814
0	1	1	6200000	4096	189.209	0.209951	901.207
0	1	1	6200000	4096	189.209	0.212546	890.204
0	1	1	6200000	4096	189.209	0.207981	909.743
0	1	1	6200000	4096	189.209	0.206994	914.079
0	1	1	6200000	4096	189.209	0.210132	900.427
0	1	1	6200000	4096	189.209	0.20907	905.001
0	1	1	6200000	4096	189.209	0.214632	881.551
0	1	1	6200000	4096	189.209	0.194889	970.853
0	1	1	6200000	4096	189.209	0.209667	902.427
0	1	1	6200000	4096	189.209	0.211977	892.591
0	1	1	6200000	4096	189.209	0.209416	903.509
0	1	1	6200000	4096	189.209	0.204831	923.733
0	1	1	6200000	4096	189.209	0.203433	930.082
0	1	1	6200000	4096	189.209	0.211772	893.457
0	1	1	6200000	4096	189.209	0.204718	924.24
0	1	1	6200000	4096	189.209	0.212505	890.375
0	1	1	6300000	4096	192.261	0.211027	911.071
0	1	1	6300000	4096	192.261	0.214083	898.064
0	1	1	6300000	4096	192.261	0.21289	903.099
0	1	1	6300000	4096	192.261	0.214158	897.75
0	1	1	6300000	4096	192.261	0.214198	897.583
0	1	1	6300000	4096	192.261	0.216257	889.039
0	1	1	6300000	4096	192.261	0.202172	950.977
0	1	1	6300000	4096	192.261	0.21605	889.889
0	1	1	6300000	4096	192.261	0.20983	916.271
0	1	1	6300000	4096	192.261	0.212232	905.901
0	1	1	6300000	4096	192.261	0.209981	915.608
0	1	1	6300000	4096	192.261	0.215948	890.311
0	1	1	6300000	4096	192.261	0.211275	910.004
0	1	1	6300000	4096	192.261	0.214864	894.801
0	1	1	6300000	4096	192.261	0.212677	904.003
0	1	1	6300000	4096	192.261	0.217525	883.856
0	1	1	6300000	4096	192.261	0.212681	903.985
0	1	1	6300000	4096	192.261	0.211083	910.83
0	1	1	6300000	4096	192.261	0.211237	910.167
0	1	1	6300000	4096	192.261	0.215939	890.349
0	1	1	6400000	4096	195.312	0.211303	924.325
0	1	1	6400000	4096	195.312	0.21811	895.477
0	1	1	6400000	4096	195.312	0.198372	984.575
0	1	1	6400000	4096	195.312	0.214803	909.265
0	1	1	6400000	4096	195.312	0.219727	888.887
0	1	1	6400000	4096	195.312	0.215554	906.094
0	1	1	6400000	4096	195.312	0.214948	908.652
0	1	1	6400000	4096	195.312	0.217427	898.292
0	1	1	6400000	4096	195.312	0.219449	890.014
0	1	1	6400000	4096	195.312	0.21776	896.915
0	1	1	6400000	4096	195.312	0.216992	900.093
0	1	1	6400000	4096	195.312	0.215775	905.168
0	1	1	6400000	4096	195.312	0.214269	911.531
0	1	1	6400000	4096	195.312	0.216312	902.92
0	1	1	6400000	4096	195.312	0.216507	902.109
0	1	1	6400000	4096	195.312	0.208337	937.484
0	1	1	6400000	4096	195.312	0.21027	928.863
0	1	1	6400000	4096	195.312	0.213844	913.34
0	1	1	6400000	4096	195.312	0.202345	965.244
0	1	1	6400000	4096	195.312	0.218765	892.798
0	1	1	6500000	4096	198.364	0.220015	901.593
0	1	1	6500000	4096	198.364	0.223087	889.177
0	1	1	6500000	4096	198.364	0.218229	908.972
0	1	1	6500000	4096	198.364	0.220465	899.753
0	1	1	6500000	4096	198.364	0.221373	896.063
0	1	1	6500000	4096	198.364	0.22074	898.632
0	1	1	6500000	4096	198.364	0.214945	922.859
0	1	1	6500000	4096	198.364	0.217914	910.287
0	1	1	6500000	4096	198.364	0.222747	890.537
0	1	1	6500000	4096	198.364	0.219776	902.576
0	1	1	6500000	4096	198.364	0.218962	905.928
0	1	1	6500000	4096	198.364	0.220365	900.163
0	1	1	6500000	4096	198.364	0.221718	894.668
0	1	1	6500000	4096	198.364	0.20629	961.578
0	1	1	6500000	4096	198.364	0.2148	923.485
0	1	1	6500000	4096	198.364	0.223019	889.451
0	1	1	6500000	4096	198.364	0.221596	895.162
0	1	1	6500000	4096	198.364	0.213968	927.075
0	1	1	6500000	4096	198.364	0.217485	912.082
0	1	1	6500000	4096	198.364	0.212475	933.589
0	1	1	6600000	4096	201.416	0.219606	917.169
0	1	1	6600000	4096	201.416	0.223968	899.309
0	1	1	6600000	4096	201.416	0.215003	936.807
0	1	1	6600000	4096	201.416	0.22455	896.978
0	1	1	6600000	4096	201.416	0.222332	905.925
0	1	1	6600000	4096	201.416	0.219463	917.768
0	1	1	6600000	4096	201.416	0.222706	904.404
0	1	1	6600000	4096	201.416	0.226876	887.781
0	1	1	6600000	4096	201.416	0.21863	921.265
0	1	1	6600000	4096	201.416	0.222643	904.661
0	1	1	6600000	4096	201.416	0.223521	901.104
0	1	1	6600000	4096	201.416	0.219417	917.96
0	1	1	6600000	4096	201.416	0.219279	918.538
0	1	1	6600000	4096	201.416	0.220678	912.713
0	1	1	6600000	4096	201.416	0.221046	911.194
0	1	1	6600000	4096	201.416	0.220252	914.48
0	1	1	6600000	4096	201.416	0.206277	976.433
0	1	1	6600000	4096	201.416	0.224304	897.961
0	1	1	6600000	4096	201.416	0.222371	905.766
0	1	1	6600000	4096	201.416	0.216497	930.341
0	1	1	6700000	4096	204.468	0.227639	898.212
0	1	1	6700000	4096	204.468	0.22809	896.433
0	1	1	6700000	4096	204.468	0.224266	911.72
0	1	1	6700000	4096	204.468	0.223596	914.452
0	1	1	6700000	4096	204.468	0.220797	926.044
0	1	1	6700000	4096	204.468	0.199141	1026.75
0	1	1	6700000	4096	204.468	0.232389	879.85
0	1	1	6700000	4096	204.468	0.220395	927.731
0	1	1	6700000	4096	204.468	0.223743	913.85
0	1	1	6700000	4096	204.468	0.226537	902.578
0	1	1	6700000	4096	204.468	0.226875	901.234
0	1	1	6700000	4096	204.468	0.217829	938.661
0	1	1	6700000	4096	204.468	0.227405	899.136
0	1	1	6700000	4096	204.468	0.22505	908.544
0	1	1	6700000	4096	204.468	0.220591	926.908
0	1	1	6700000	4096	204.468	0.229317	891.638
0	1	1	6700000	4096	204.468	0.223895	913.23
0	1	1	6700000	4096	204.468	0.225109	908.306
0	1	1	6700000	4096	204.468	0.225448	906.941
0	1	1	6700000	4096	204.468	0.218872	934.188
0	1	1	6800000	4096	207.52	0.258576	802.547
0	1	1	6800000	4096	207.52	0.226365	916.748
0	1	1	6800000	4096	207.52	0.201995	1027.35
0	1	1	6800000	4096	207.52	0.223759	927.426
0	1	1	6800000	4096	207.52	0.227868	910.701
0	1	1	6800000	4096	207.52	0.217544	953.921
0	1	1	6800000	4096	207.52	0.221969	934.904
0	1	1	6800000	4096	207.52	0.230509	900.268
0	1	1	6800000	4096	207.52	0.232111	894.051
0	1	1	6800000	4096	207.52	0.222435	932.943
0	1	1	6800000	4096	207.52	0.228673	907.496
0	1	1	6800000	4096	207.52	0.223818	927.179
0	1	1	6800000	4096	207.52	0.223106	930.138
0	1	1	6800000	4096	207.52	0.230874	898.841
0	1	1	6800000	4096	207.52	0.230127	901.761
0	1	1	6800000	4096	207.52	0.230526	900.201
0	1	1	6800000	4096	207.52	0.224371	924.893
0	1	1	6800000	4096	207.52	0.222593	932.281
0	1	1	6800000	4096	207.52	0.22961	903.793
0	1	1	6800000	4096	207.52	0.223135	930.016
0	1	1	6900000	4096	210.571	0.225351	934.415
0	1	1	6900000	4096	210.571	0.228091	923.191
0	1	1	6900000	4096	210.571	0.21783	966.677
0	1	1	6900000	4096	210.571	0.210887	998.504
0	1	1	6900000	4096	210.571	0.232656	905.075
0	1	1	6900000	4096	210.571	0.230547	913.355
0	1	1	6900000	4096	210.571	0.235638	893.622
0	1	1	6900000	4096	210.571	0.231016	911.5
0	1	1	6900000	4096	210.571	0.228228	922.634
0	1	1	6900000	4096	210.571	0.232866	904.258
0	1	1	6900000	4096	210.571	0.236271	891.227
0	1	1	6900000	4096	210.571	0.233131	903.233
0	1	1	6900000	4096	210.571	0.230884	912.024
0	1	1	6900000	4096	210.571	0.235121	895.588
0	1	1	6900000	4096	210.571	0.238887	881.469
0	1	1	6900000	4096	210.571	0.227536	925.442
0	1	1	6900000	4096	210.571	0.229991	915.561
0	1	1	6900000	4096	210.571	0.231382	910.059
0	1	1	6900000	4096	210.571	0.217464	968.305
0	1	1	6900000	4096	210.571	0.213845	984.692
0	1	1	7000000	4096	213.623	0.206715	1033.42
0	1	1	7000000	4096	213.623	0.24138	885.007
0	1	1	7000000	4096	213.623	0.235623	906.632
0	1	1	7000000	4096	213.623	0.230852	925.367
0	1	1	7000000	4096	213.623	0.233245	915.873
0	1	1	7000000	4096	213.623	0.237538	899.322
0	1	1	7000000	4096	213.623	0.235801	905.948
0	1	1	7000000	4096	213.623	0.226871	941.605
0	1	1	7000000	4096	213.623	0.236632	902.765
0	1	1	7000000	4096	213.623	0.234794	909.831
0	1	1	7000000	4096	213.623	0.234988	909.082
0	1	1	7000000	4096	213.623	0.238075	897.293
0	1	1	7000000	4096	213.623	0.224089	953.297
0	1	1	7000000	4096	213.623	0.239376	892.417
0	1	1	7000000	4096	213.623	0.228126	936.428
0	1	1	7000000	4096	213.623	0.248426	859.906
0	1	1	7000000	4096	213.623	0.234114	912.474
0	1	1	7000000	4096	213.623	0.216771	985.477
0	1	1	7000000	4096	213.623	0.232276	919.695
0	1	1	7000000	4096	213.623	0.217877	980.476
0	1	1	7100000	4096	216.675	0.237295	913.101
0	1	1	7100000	4096	216.675	0.239625	904.223
0	1	1	7100000	4096	216.675	0.231796	934.766
0	1	1	7100000	4096	216.675	0.246251	879.893
0	1	1	7100000	4096	216.675	0.242183	894.674
0	1	1	7100000	4096	216.675	0.237838	911.017
0	1	1	7100000	4096	216.675	0.211489	1024.52
0	1	1	7100000	4096	216.675	0.237993	910.427
0	1	1	7100000	4096	216.675	0.240295	901.705
0	1	1	7100000	4096	216.675	0.238239	909.484
0	1	1	7100000	4096	216.675	0.239976	902.902
0	1	1	7100000	4096	216.675	0.239524	904.605
0	1	1	7100000	4096	216.675	0.24595	880.972
0	1	1	7100000	4096	216.675	0.241976	895.439
0	1	1	7100000	4096	216.675	0.237073	913.959
0	1	1	7100000	4096	216.675	0.240457	901.097
0	1	1	7100000	4096	216.675	0.216132	1002.51
0	1	1	7100000	4096	216.675	0.242531	893.39
0	1	1	7100000	4096	216.675	0.238156	909.801
0	1	1	7100000	4096	216.675	0.252578	857.852
0	1	1	7200000	4096	219.727	0.225965	972.393
0	1	1	7200000	4096	219.727	0.241403	910.208
0	1	1	7200000	4096	219.727	0.239336	918.069
0	1	1	7200000	4096	219.727	0.237674	924.486
0	1	1	7200000	4096	219.727	0.238905	919.723
0	1	1	7200000	4096	219.727	0.233978	939.09
0	1	1	7200000	4096	219.727	0.241584	909.524
0	1	1	7200000	4096	219.727	0.238334	921.926
0	1	1	7200000	4096	219.727	0.243274	903.204
0	1	1	7200000	4096	219.727	0.237641	924.615
0	1	1	7200000	4096	219.727	0.231329	949.846
0	1	1	7200000	4096	219.727	0.234972	935.118
0	1	1	7200000	4096	219.727	0.24063	913.129
0	1	1	7200000	4096	219.727	0.241147	911.173
0	1	1	7200000	4096	219.727	0.221385	992.51
0	1	1	7200000	4096	219.727	0.234659	936.367
0	1	1	7200000	4096	219.727	0.235662	932.381
0	1	1	7200000	4096	219.727	0.243317	903.048
0	1	1	7200000	4096	219.727	0.234761	935.958
0	1	1	7200000	4096	219.727	0.224378	979.271
0	1	1	7300000	4096	222.778	0.227713	978.329
0	1	1	7300000	4096	222.778	0.243108	916.375
0	1	1	7300000	4096	222.778	0.244948	909.493
0	1	1	7300000	4096	222.778	0.246734	902.91
0	1	1	7300000	4096	222.778	0.236607	941.556
0	1	1	7300000	4096	222.778	0.236201	943.173
0	1	1	7300000	4096	222.778	0.226915	981.769
0	1	1	7300000	4096	222.778	0.23751	937.973
0	1	1	7300000	4096	222.778	0.246473	903.863
0	1	1	7300000	4096	222.778	0.238417	934.407
0	1	1	7300000	4096	222.778	0.248013	898.251
0	1	1	7300000	4096	222.778	0.245561	907.224
0	1	1	7300000	4096	222.778	0.239041	931.967
0	1	1	7300000	4096	222.778	0.244334	911.778
0	1	1	7300000	4096	222.778	0.239257	931.128
0	1	1	7300000	4096	222.778	0.240616	925.868
0	1	1	7300000	4096	222.778	0.257503	865.15
0	1	1	7300000	4096	222.778	0.222341	1001.97
0	1	1	7300000	4096	222.778	0.237652	937.413
0	1	1	7300000	4096	222.778	0.238929	932.405
0	1	1	7400000	4096	225.83	0.253482	890.911
0	1	1	7400000	4096	225.83	0.2525	894.375
0	1	1	7400000	4096	225.83	0.247804	911.327
0	1	1	7400000	4096	225.83	0.228542	988.133
0	1	1	7400000	4096	225.83	0.247712	911.665
0	1	1	7400000	4096	225.83	0.243402	927.808
0	1	1	7400000	4096	225.83	0.249951	903.496
0	1	1	7400000	4096	225.83	0.245825	918.663
0	1	1	7400000	4096	225.83	0.250576	901.245
0	1	1	7400000	4096	225.83	0.228969	986.293
0	1	1	7400000	4096	225.83	0.253277	891.635
0	1	1	7400000	4096	225.83	0.250826	900.347
0	1	1	7400000	4096	225.83	0.241743	934.173
0	1	1	7400000	4096	225.83	0.251012	899.677
0	1	1	7400000	4096	225.83	0.249901	903.679
0	1	1	7400000	4096	225.83	0.246655	915.57
0	1	1	7400000	4096	225.83	0.245624	919.415
0	1	1	7400000	4096	225.83	0.24714	913.773
0	1	1	7400000	4096	225.83	0.245187	921.053
0	1	1	7400000	4096	225.83	0.249843	903.886
0	1	1	7500000	4096	228.882	0.247406	925.126
0	1	1	7500000	4096	228.882	0.250295	914.448
0	1	1	7500000	4096	228.882	0.248133	922.416
0	1	1	7500000	4096	228.882	0.251021	911.803
0	1	1	7500000	4096	228.882	0.247276	925.614
0	1	1	7500000	4096	228.882	0.242539	943.69
0	1	1	7500000	4096	228.882	0.248995	919.223
0	1	1	7500000	4096	228.882	0.253739	902.036
0	1	1	7500000	4096	228.882	0.253027	904.576
0	1	1	7500000	4096	228.882	0.251448	910.255
0	1	1	7500000	4096	228.882	0.242828	942.569
0	1	1	7500000	4096	228.882	0.245765	931.305
0	1	1	7500000	4096	228.882	0.250374	914.161
0	1	1	7500000	4096	228.882	0.248382	921.49
0	1	1	7500000	4096	228.882	0.245291	933.103
0	1	1	7500000	4096	228.882	0.242081	945.476
0	1	1	7500000	4096	228.882	0.247317	925.459
0	1	1	7500000	4096	228.882	0.246936	926.886
0	1	1	7500000	4096	228.882	0.241653	947.15
0	1	1	7500000	4096	228.882	0.248331	921.679
0	1	1	7600000	4096	231.934	0.254762	910.394
0	1	1	7600000	4096	231.934	0.254031	913.012
0	1	1	7600000	4096	231.934	0.247531	936.989
0	1	1	7600000	4096	231.934	0.252658	917.976
0	1	1	7600000	4096	231.934	0.236805	979.427
0	1	1	7600000	4096	231.934	0.246994	939.025
0	1	1	7600000	4096	231.934	0.252312	919.232
0	1	1	7600000	4096	231.934	0.255939	906.206
0	1	1	7600000	4096	231.934	0.254486	911.38
0	1	1	7600000	4096	231.934	0.24672	940.067
0	1	1	7600000	4096	231.934	0.232195	998.875
0	1	1	7600000	4096	231.934	0.248571	933.067
0	1	1	7600000	4096	231.934	0.246988	939.047
0	1	1	7600000	4096	231.934	0.25479	910.293
0	1	1	7600000	4096	231.934	0.247066	938.751
0	1	1	7600000	4096	231.934	0.256256	905.085
0	1	1	7600000	4096	231.934	0.254179	912.482
0	1	1	7600000	4096	231.934	0.251947	920.564
0	1	1	7600000	4096	231.934	0.25484	910.116
0	1	1	7600000	4096	231.934	0.228736	1013.98
0	1	1	7700000	4096	234.985	0.254645	922.797
0	1	1	7700000	4096	234.985	0.261337	899.165
0	1	1	7700000	4096	234.985	0.24112	974.558
0	1	1	7700000	4096	234.985	0.25582	918.556
0	1	1	7700000	4096	234.985	0.250436	938.305
0	1	1	7700000	4096	234.985	0.255511	919.669
0	1	1	7700000	4096	234.985	0.255298	920.434
0	1	1	7700000	4096	234.985	0.260688	901.405
0	1	1	7700000	4096	234.985	0.223901	1049.51
0	1	1	7700000	4096	234.985	0.25519	920.824
0	1	1	7700000	4096	234.985	0.251869	932.966
0	1	1	7700000	4096	234.985	0.251257	935.238
0	1	1	7700000	4096	234.985	0.258796	907.995
0	1	1	7700000	4096	234.985	0.261238	899.507
0	1	1	7700000	4096	234.985	0.258999	907.282
0	1	1	7700000	4096	234.985	0.255551	919.525
0	1	1	7700000	4096	234.985	0.259776	904.568
0	1	1	7700000	4096	234.985	0.26424	889.286
0	1	1	7700000	4096	234.985	0.257585	912.262
0	1	1	7700000	4096	234.985	0.253894	925.527
0	1	1	7800000	4096	238.037	0.250322	950.924
0	1	1	7800000	4096	238.037	0.260316	914.416
0	1	1	7800000	4096	238.037	0.253088	940.53
0	1	1	7800000	4096	238.037	0.260762	912.851
0	1	1	7800000	4096	238.037	0.259758	916.38
0	1	1	7800000	4096	238.037	0.259577	917.018
0	1	1	7800000	4096	238.037	0.262007	908.514
0	1	1	7800000	4096	238.037	0.263146	904.581
0	1	1	7800000	4096	238.037	0.244548	973.375
0	1	1	7800000	4096	238.037	0.262471	906.908
0	1	1	7800000	4096	238.037	0.261976	908.623
0	1	1	7800000	4096	238.037	0.238449	998.274
0	1	1	7800000	4096	238.037	0.257257	925.291
0	1	1	7800000	4096	238.037	0.263172	904.492
0	1	1	7800000	4096	238.037	0.260903	912.357
0	1	1	7800000	4096	238.037	0.263051	904.91
0	1	1	7800000	4096	238.037	0.258359	921.342
0	1	1	7800000	4096	238.037	0.237899	1000.58
0	1	1	7800000	4096	238.037	0.255864	930.327
0	1	1	7800000	4096	238.037	0.260683	913.13
0	1	1	7900000	4096	241.089	0.263991	913.245
0	1	1	7900000	4096	241.089	0.252456	954.973
0	1	1	7900000	4096	241.089	0.264183	912.582
0	1	1	7900000	4096	241.089	0.265587	907.76
0	1	1	7900000	4096	241.089	0.259841	927.833
0	1	1	7900000	4096	241.089	0.263032	916.576
0	1	1	7900000	4096	241.089	0.265439	908.263
0	1	1	7900000	4096	241.089	0.265563	907.841
0	1	1	7900000	4096	241.089	0.255174	944.801
0	1	1	7900000	4096	241.089	0.263034	916.568
0	1	1	7900000	4096	241.089	0.260508	925.456
0	1	1	7900000	4096	241.089	0.255849	942.31
0	1	1	7900000	4096	241.089	0.266896	903.308
0	1	1	7900000	4096	241.089	0.265412	908.356
0	1	1	7900000	4096	241.089	0.263303	915.631
0	1	1	7900000	4096	241.089	0.265669	907.48
0	1	1	7900000	4096	241.089	0.257388	936.676
0	1	1	7900000	4096	241.089	0.267852	900.082
0	1	1	7900000	4096	241.089	0.262443	918.635
0	1	1	7900000	4096	241.089	0.263129	916.238
0	1	1	8000000	4096	244.141	0.267405	913.001
0	1	1	8000000	4096	244.141	0.246331	991.11
0	1	1	8000000	4096	244.141	0.267034	914.268
0	1	1	8000000	4096	244.141	0.253606	962.677
0	1	1	8000000	4096	244.141	0.267638	912.206
0	1	1	8000000	4096	244.141	0.269953	904.383
0	1	1	8000000	4096	244.141	0.265438	919.765
0	1	1	8000000	4096	244.141	0.264541	922.883
0	1	1	8000000	4096	244.141	0.254531	959.177
0	1	1	8000000	4096	244.141	0.265085	920.991
0	1	1	8000000	4096	244.141	0.264096	924.437
0	1	1	8000000	4096	244.141	0.267618	912.274
0	1	1	8000000	4096	244.141	0.298848	816.939
0	1	1	8000000	4096	244.141	0.265476	919.634
0	1	1	8000000	4096	244.141	0.266973	914.478
0	1	1	8000000	4096	244.141	0.263827	925.383
0	1	1	8000000	4096	244.141	0.263734	925.707
0	1	1	8000000	4096	244.141	0.266558	915.9
0	1	1	8000000	4096	244.141	0.269989	904.26
0	1	1	8000000	4096	244.141	0.26263	929.599
0	1	1	8100000	4096	247.192	0.270748	912.999
0	1	1	8100000	4096	247.192	0.245741	1005.91
0	1	1	8100000	4096	247.192	0.267396	924.445
0	1	1	8100000	4096	247.192	0.266896	926.176
0	1	1	8100000	4096	247.192	0.265773	930.089
0	1	1	8100000	4096	247.192	0.263738	937.264
0	1	1	8100000	4096	247.192	0.269478	917.302
0	1	1	8100000	4096	247.192	0.245826	1005.56
0	1	1	8100000	4096	247.192	0.274121	901.762
0	1	1	8100000	4096	247.192	0.263574	937.847
0	1	1	8100000	4096	247.192	0.270407	914.149
0	1	1	8100000	4096	247.192	0.268235	921.553
0	1	1	8100000	4096	247.192	0.259379	953.015
0	1	1	8100000	4096	247.192	0.274185	901.553
0	1	1	8100000	4096	247.192	0.264633	934.095
0	1	1	8100000	4096	247.192	0.267739	923.259
0	1	1	8100000	4096	247.192	0.266873	926.256
0	1	1	8100000	4096	247.192	0.268144	921.865
0	1	1	8100000	4096	247.192	0.270265	914.63
0	1	1	8100000	4096	247.192	0.268279	921.402
0	1	1	8200000	4096	250.244	0.272924	916.901
0	1	1	8200000	4096	250.244	0.276298	905.704
0	1	1	8200000	4096	250.244	0.27062	924.707
0	1	1	8200000	4096	250.244	0.27048	925.184
0	1	1	8200000	4096	250.244	0.272539	918.195
0	1	1	8200000	4096	250.244	0.26719	936.579
0	1	1	8200000	4096	250.244	0.272827	917.226
0	1	1	8200000	4096	250.244	0.274833	910.533
0	1	1	8200000	4096	250.244	0.264298	946.825
0	1	1	8200000	4096	250.244	0.270981	923.474
0	1	1	8200000	4096	250.244	0.26553	942.434
0	1	1	8200000	4096	250.244	0.251807	993.793
0	1	1	8200000	4096	250.244	0.264954	944.481
0	1	1	8200000	4096	250.244	0.2734	915.304
0	1	1	8200000	4096	250.244	0.271314	922.34
0	1	1	8200000	4096	250.244	0.247344	1011.73
0	1	1	8200000	4096	250.244	0.273355	915.456
0	1	1	8200000	4096	250.244	0.272564	918.111
0	1	1	8200000	4096	250.244	0.276402	905.362
0	1	1	8200000	4096	250.244	0.273755	914.116
0	1	1	8300000	4096	253.296	0.278353	909.982
0	1	1	8300000	4096	253.296	0.270455	936.553
0	1	1	8300000	4096	253.296	0.268042	944.986
0	1	1	8300000	4096	253.296	0.279948	904.797
0	1	1	8300000	4096	253.296	0.279386	906.617
0	1	1	8300000	4096	253.296	0.275228	920.314
0	1	1	8300000	4096	253.296	0.252681	1002.43
0	1	1	8300000	4096	253.296	0.276655	915.567
0	1	1	8300000	4096	253.296	0.256685	986.798
0	1	1	8300000	4096	253.296	0.273127	927.393
0	1	1	8300000	4096	253.296	0.27492	921.345
0	1	1	8300000	4096	253.296	0.265693	953.342
0	1	1	8300000	4096	253.296	0.275227	920.316
0	1	1	8300000	4096	253.296	0.273682	925.513
0	1	1	8300000	4096	253.296	0.265625	953.585
0	1	1	8300000	4096	253.296	0.269167	941.036
0	1	1	8300000	4096	253.296	0.275207	920.383
0	1	1	8300000	4096	253.296	0.268304	944.061
0	1	1	8300000	4096	253.296	0.272183	930.608
0	1	1	8300000	4096	253.296	0.273807	925.09
0	1	1	8400000	4096	256.348	0.25849	991.713
0	1	1	8400000	4096	256.348	0.276306	927.767
0	1	1	8400000	4096	256.348	0.277483	923.831
0	1	1	8400000	4096	256.348	0.271628	943.747
0	1	1	8400000	4096	256.348	0.280146	915.052
0	1	1	8400000	4096	256.348	0.26917	952.363
0	1	1	8400000	4096	256.348	0.283102	905.497
0	1	1	8400000	4096	256.348	0.274049	935.407
0	1	1	8400000	4096	256.348	0.278154	921.603
0	1	1	8400000	4096	256.348	0.279822	916.109
0	1	1	8400000	4096	256.348	0.279579	916.906
0	1	1	8400000	4096	256.348	0.274658	933.334
0	1	1	8400000	4096	256.348	0.27767	923.21
0	1	1	8400000	4096	256.348	0.266034	963.59
0	1	1	8400000	4096	256.348	0.278553	920.283
0	1	1	8400000	4096	256.348	0.273723	936.522
0	1	1	8400000	4096	256.348	0.280366	914.333
0	1	1	8400000	4096	256.348	0.277192	924.803
0	1	1	8400000	4096	256.348	0.278935	919.022
0	1	1	8400000	4096	256.348	0.27703	925.343
0	1	1	8500000	4096	259.399	0.279158	929.219
0	1	1	8500000	4096	259.399	0.285918	907.251
0	1	1	8500000	4096	259.399	0.284345	912.268
0	1	1	8500000	4096	259.399	0.272757	951.028
0	1	1	8500000	4096	259.399	0.278173	932.511
0	1	1	8500000	4096	259.399	0.25513	1016.74
0	1	1	8500000	4096	259.399	0.281566	921.274
0	1	1	8500000	4096	259.399	0.283867	913.807
0	1	1	8500000	4096	259.399	0.255091	1016.89
0	1	1	8500000	4096	259.399	0.274052	946.533
0	1	1	8500000	4096	259.399	0.277249	935.62
0	1	1	8500000	4096	259.399	0.287159	903.331
0	1	1	8500000	4096	259.399	0.284566	911.561
0	1	1	8500000	4096	259.399	0.28496	910.3
0	1	1	8500000	4096	259.399	0.277405	935.092
0	1	1	8500000	4096	259.399	0.280693	924.138
0	1	1	8500000	4096	259.399	0.280315	925.386
0	1	1	8500000	4096	259.399	0.29094	891.59
0	1	1	8500000	4096	259.399	0.278113	932.713
0	1	1	8500000	4096	259.399	0.282268	918.983
0	1	1	8600000	4096	262.451	0.288521	909.645
0	1	1	8600000	4096	262.451	0.286959	914.594
0	1	1	8600000	4096	262.451	0.287246	913.682
0	1	1	8600000	4096	262.451	0.285634	918.839
0	1	1	8600000	4096	262.451	0.28155	932.165
0	1	1	8600000	4096	262.451	0.279833	937.885
0	1	1	8600000	4096	262.451	0.276432	949.424
0	1	1	8600000	4096	262.451	0.270283	971.024
0	1	1	8600000	4096	262.451	0.284557	922.314
0	1	1	8600000	4096	262.451	0.288015	911.24
0	1	1	8600000	4096	262.451	0.28577	918.401
0	1	1	8600000	4096	262.451	0.263259	996.931
0	1	1	8600000	4096	262.451	0.290633	903.034
0	1	1	8600000	4096	262.451	0.28625	916.859
0	1	1	8600000	4096	262.451	0.281956	930.825
0	1	1	8600000	4096	262.451	0.262356	1000.36
0	1	1	8600000	4096	262.451	0.260547	1007.31
0	1	1	8600000	4096	262.451	0.29297	895.831
0	1	1	8600000	4096	262.451	0.283493	925.778
0	1	1	8600000	4096	262.451	0.279386	939.387
0	1	1	8700000	4096	265.503	0.289638	916.672
0	1	1	8700000	4096	265.503	0.271068	979.469
0	1	1	8700000	4096	265.503	0.288994	918.715
0	1	1	8700000	4096	265.503	0.291839	909.758
0	1	1	8700000	4096	265.503	0.269251	986.081
0	1	1	8700000	4096	265.503	0.310826	854.186
0	1	1	8700000	4096	265.503	0.289253	917.892
0	1	1	8700000	4096	265.503	0.290753	913.156
0	1	1	8700000	4096	265.503	0.285605	929.614
0	1	1	8700000	4096	265.503	0.286367	927.141
0	1	1	8700000	4096	265.503	0.28878	919.396
0	1	1	8700000	4096	265.503	0.286897	925.431
0	1	1	8700000	4096	265.503	0.285422	930.213
0	1	1	8700000	4096	265.503	0.285699	929.31
0	1	1	8700000	4096	265.503	0.28821	921.213
0	1	1	8700000	4096	265.503	0.279647	949.421
0	1	1	8700000	4096	265.503	0.285807	928.96
0	1	1	8700000	4096	265.503	0.286999	925.101
0	1	1	8700000	4096	265.503	0.285433	930.176
0	1	1	8700000	4096	265.503	0.285293	930.632
0	1	1	8800000	4096	268.555	0.25312	1060.98
0	1	1	8800000	4096	268.555	0.293105	916.242
0	1	1	8800000	4096	268.555	0.290602	924.133
0	1	1	8800000	4096	268.555	0.291133	922.446
0	1	1	8800000	4096	268.555	0.282292	951.337
0	1	1	8800000	4096	268.555	0.280396	957.769
0	1	1	8800000	4096	268.555	0.268218	1001.26
0	1	1	8800000	4096	268.555	0.291697	920.662
0	1	1	8800000	4096	268.555	0.281653	953.495
0	1	1	8800000	4096	268.555	0.291465	921.396
0	1	1	8800000	4096	268.555	0.280715	956.68
0	1	1	8800000	4096	268.555	0.293752	914.222
0	1	1	8800000	4096	268.555	0.293984	913.501
0	1	1	8800000	4096	268.555	0.28946	927.778
0	1	1	8800000	4096	268.555	0.289825	926.611
0	1	1	8800000	4096	268.555	0.290083	925.786
0	1	1	8800000	4096	268.555	0.290808	923.478
0	1	1	8800000	4096	268.555	0.282991	948.986
0	1	1	8800000	4096	268.555	0.290041	925.92
0	1	1	8800000	4096	268.555	0.271302	989.872
0	1	1	8900000	4096	271.606	0.292236	929.409
0	1	1	8900000	4096	271.606	0.300209	904.725
0	1	1	8900000	4096	271.606	0.291011	933.32
0	1	1	8900000	4096	271.606	0.290821	933.93
0	1	1	8900000	4096	271.606	0.29418	923.266
0	1	1	8900000	4096	271.606	0.290908	933.652
0	1	1	8900000	4096	271.606	0.292396	928.901
0	1	1	8900000	4096	271.606	0.275349	986.407
0	1	1	8900000	4096	271.606	0.282777	960.498
0	1	1	8900000	4096	271.606	0.271637	999.888
0	1	1	8900000	4096	271.606	0.286544	947.87
0	1	1	8900000	4096	271.606	0.294206	923.183
0	1	1	8900000	4096	271.606	0.294023	923.759
0	1	1	8900000	4096	271.606	0.296976	914.574
0	1	1	8900000	4096	271.606	0.293933	924.041
0	1	1	8900000	4096	271.606	0.294942	920.881
0	1	1	8900000	4096	271.606	0.280523	968.214
0	1	1	8900000	4096	271.606	0.290907	933.655
0	1	1	8900000	4096	271.606	0.293853	924.293
0	1	1	8900000	4096	271.606	0.29708	914.253
0	1	1	9000000	4096	274.658	0.293954	934.357
0	1	1	9000000	4096	274.658	0.276512	993.296
0	1	1	9000000	4096	274.658	0.288579	951.762
0	1	1	9000000	4096	274.658	0.28833	952.582
0	1	1	9000000	4096	274.658	0.291739	941.45
0	1	1	9000000	4096	274.658	0.287926	953.919
0	1	1	9000000	4096	274.658	0.29707	924.556
0	1	1	9000000	4096	274.658	0.286847	957.509
0	1	1	9000000	4096	274.658	0.269423	1019.43
0	1	1	9000000	4096	274.658	0.288808	951.007
0	1	1	9000000	4096	274.658	0.275463	997.079
0	1	1	9000000	4096	274.658	0.287628	954.908
0	1	1	9000000	4096	274.658	0.263536	1042.2
0	1	1	9000000	4096	274.658	0.295979	927.966
0	1	1	9000000	4096	274.658	0.289111	950.011
0	1	1	9000000	4096	274.658	0.29989	915.864
0	1	1	9000000	4096	274.658	0.276868	992.017
0	1	1	9000000	4096	274.658	0.295566	929.262
0	1	1	9000000	4096	274.658	0.295566	929.261
0	1	1	9000000	4096	274.658	0.290912	944.128
0	1	1	9100000	4096	277.71	0.28736	966.419
0	1	1	9100000	4096	277.71	0.300084	925.442
0	1	1	9100000	4096	277.71	0.298187	931.329
0	1	1	9100000	4096	277.71	0.274752	1010.77
0	1	1	9100000	4096	277.71	0.305766	908.244
0	1	1	9100000	4096	277.71	0.295945	938.383
0	1	1	9100000	4096	277.71	0.29726	934.232
0	1	1	9100000	4096	277.71	0.294874	941.79
0	1	1	9100000	4096	277.71	0.288543	962.456
0	1	1	9100000	4096	277.71	0.288956	961.081
0	1	1	9100000	4096	277.71	0.302308	918.632
0	1	1	9100000	4096	277.71	0.289605	958.926
0	1	1	9100000	4096	277.71	0.288901	961.262
0	1	1	9100000	4096	277.71	0.300866	923.036
0	1	1	9100000	4096	277.71	0.297739	932.731
0	1	1	9100000	4096	277.71	0.294961	941.513
0	1	1	9100000	4096	277.71	0.295738	939.041
0	1	1	9100000	4096	277.71	0.306532	905.974
0	1	1	9100000	4096	277.71	0.2902	956.959
0	1	1	9100000	4096	277.71	0.297451	933.633
0	1	1	9200000	4096	280.762	0.292675	959.294
0	1	1	9200000	4096	280.762	0.300498	934.322
0	1	1	9200000	4096	280.762	0.302044	929.539
0	1	1	9200000	4096	280.762	0.290525	966.395
0	1	1	9200000	4096	280.762	0.301764	930.402
0	1	1	9200000	4096	280.762	0.275322	1019.76
0	1	1	9200000	4096	280.762	0.297662	943.225
0	1	1	9200000	4096	280.762	0.302456	928.274
0	1	1	9200000	4096	280.762	0.296433	947.135
0	1	1	9200000	4096	280.762	0.299062	938.807
0	1	1	9200000	4096	280.762	0.305131	920.135
0	1	1	9200000	4096	280.762	0.300483	934.367
0	1	1	9200000	4096	280.762	0.304933	920.734
0	1	1	9200000	4096	280.762	0.304854	920.971
0	1	1	9200000	4096	280.762	0.301685	930.645
0	1	1	9200000	4096	280.762	0.301631	930.811
0	1	1	9200000	4096	280.762	0.277747	1010.85
0	1	1	9200000	4096	280.762	0.293923	955.222
0	1	1	9200000	4096	280.762	0.305498	919.028
0	1	1	9200000	4096	280.762	0.30233	928.661
0	1	1	9300000	4096	283.813	0.306519	925.925
0	1	1	9300000	4096	283.813	0.304753	931.291
0	1	1	9300000	4096	283.813	0.302834	937.192
0	1	1	9300000	4096	283.813	0.306249	926.741
0	1	1	9300000	4096	283.813	0.303816	934.162
0	1	1	9300000	4096	283.813	0.305326	929.543
0	1	1	9300000	4096	283.813	0.304456	932.197
0	1	1	9300000	4096	283.813	0.30595	927.647
0	1	1	9300000	4096	283.813	0.299669	947.091
0	1	1	9300000	4096	283.813	0.278563	1018.85
0	1	1	9300000	4096	283.813	0.298689	950.196
0	1	1	9300000	4096	283.813	0.269619	1052.65
0	1	1	9300000	4096	283.813	0.29989	946.393
0	1	1	9300000	4096	283.813	0.297364	954.432
0	1	1	9300000	4096	283.813	0.310239	914.822
0	1	1	9300000	4096	283.813	0.306933	924.677
0	1	1	9300000	4096	283.813	0.304421	932.306
0	1	1	9300000	4096	283.813	0.312365	908.597
0	1	1	9300000	4096	283.813	0.305938	927.684
0	1	1	9300000	4096	283.813	0.29519	961.461
0	1	1	9400000	4096	286.865	0.310022	925.306
0	1	1	9400000	4096	286.865	0.306749	935.179
0	1	1	9400000	4096	286.865	0.300901	953.355
0	1	1	9400000	4096	286.865	0.300736	953.876
0	1	1	9400000	4096	286.865	0.305678	938.455
0	1	1	9400000	4096	286.865	0.308833	928.868
0	1	1	9400000	4096	286.865	0.302581	948.062
0	1	1	9400000	4096	286.865	0.307363	933.31
0	1	1	9400000	4096	286.865	0.301188	952.446
0	1	1	9400000	4096	286.865	0.310049	925.224
0	1	1	9400000	4096	286.865	0.289852	989.697
0	1	1	9400000	4096	286.865	0.298881	959.797
0	1	1	9400000	4096	286.865	0.298116	962.262
0	1	1	9400000	4096	286.865	0.301726	950.747
0	1	1	9400000	4096	286.865	0.308499	929.874
0	1	1	9400000	4096	286.865	0.308309	930.447
0	1	1	9400000	4096	286.865	0.314966	910.783
0	1	1	9400000	4096	286.865	0.313807	914.146
0	1	1	9400000	4096	286.865	0.301303	952.081
0	1	1	9400000	4096	286.865	0.309868	925.766
0	1	1	9500000	4096	289.917	0.309248	937.489
0	1	1	9500000	4096	289.917	0.313522	924.712
0	1	1	9500000	4096	289.917	0.276677	1047.85
0	1	1	9500000	4096	289.917	0.310436	933.904
0	1	1	9500000	4096	289.917	0.315957	917.583
0	1	1	9500000	4096	289.917	0.307465	942.928
0	1	1	9500000	4096	289.917	0.307195	943.757
0	1	1	9500000	4096	289.917	0.303431	955.463
0	1	1	9500000	4096	289.917	0.302713	957.727
0	1	1	9500000	4096	289.917	0.333993	868.034
0	1	1	9500000	4096	289.917	0.311471	930.798
0	1	1	9500000	4096	289.917	0.356014	814.341
0	1	1	9500000	4096	289.917	0.302356	958.859
0	1	1	9500000	4096	289.917	0.309738	936.007
0	1	1	9500000	4096	289.917	0.309907	935.496
0	1	1	9500000	4096	289.917	0.311083	931.961
0	1	1	9500000	4096	289.917	0.31045	933.861
0	1	1	9500000	4096	289.917	0.312934	926.449
0	1	1	9500000	4096	289.917	0.310314	934.27
0	1	1	9500000	4096	289.917	0.299753	967.186
0	1	1	9600000	4096	292.969	0.305232	959.823
0	1	1	9600000	4096	292.969	0.319032	918.306
0	1	1	9600000	4096	292.969	0.30821	950.549
0	1	1	9600000	4096	292.969	0.313548	934.365
0	1	1	9600000	4096	292.969	0.305464	959.094
0	1	1	9600000	4096	292.969	0.308166	950.685
0	1	1	9600000	4096	292.969	0.316662	925.178
0	1	1	9600000	4096	292.969	0.311367	940.913
0	1	1	9600000	4096	292.969	0.308791	948.761
0	1	1	9600000	4096	292.969	0.314185	932.471
0	1	1	9600000	4096	292.969	0.314099	932.729
0	1	1	9600000	4096	292.969	0.313537	934.399
0	1	1	9600000	4096	292.969	0.305357	959.431
0	1	1	9600000	4096	292.969	0.311568	940.304
0	1	1	9600000	4096	292.969	0.314087	932.763
0	1	1	9600000	4096	292.969	0.318529	919.755
0	1	1	9600000	4096	292.969	0.305291	959.639
0	1	1	9600000	4096	292.969	0.285925	1024.64
0	1	1	9600000	4096	292.969	0.31052	943.477
0	1	1	9600000	4096	292.969	0.294523	994.722
0	1	1	9700000	4096	296.021	0.315069	939.542
0	1	1	9700000	4096	296.021	0.310309	953.954
0	1	1	9700000	4096	296.021	0.321292	921.345
0	1	1	9700000	4096	296.021	0.319827	925.566
0	1	1	9700000	4096	296.021	0.314054	942.577
0	1	1	9700000	4096	296.021	0.308183	960.534
0	1	1	9700000	4096	296.021	0.322393	918.199
0	1	1	9700000	4096	296.021	0.315766	937.467
0	1	1	9700000	4096	296.021	0.317061	933.638
0	1	1	9700000	4096	296.021	0.312683	946.712
0	1	1	9700000	4096	296.021	0.316702	934.698
0	1	1	9700000	4096	296.021	0.317688	931.796
0	1	1	9700000	4096	296.021	0.320787	922.795
0	1	1	9700000	4096	296.021	0.312352	947.714
0	1	1	9700000	4096	296.021	0.307671	962.132
0	1	1	9700000	4096	296.021	0.315964	936.879
0	1	1	9700000	4096	296.021	0.310732	952.655
0	1	1	9700000	4096	296.021	0.317337	932.827
0	1	1	9700000	4096	296.021	0.319806	925.625
0	1	1	9700000	4096	296.021	0.297163	996.156
0	1	1	9800000	4096	299.072	0.319169	937.034
0	1	1	9800000	4096	299.072	0.312942	955.678
0	1	1	9800000	4096	299.072	0.302644	988.197
0	1	1	9800000	4096	299.072	0.317638	941.55
0	1	1	9800000	4096	299.072	0.316092	946.155
0	1	1	9800000	4096	299.072	0.320101	934.306
0	1	1	9800000	4096	299.072	0.324497	921.65
0	1	1	9800000	4096	299.072	0.325691	918.271
0	1	1	9800000	4096	299.072	0.287317	1040.91
0	1	1	9800000	4096	299.072	0.320798	932.276
0	1	1	9800000	4096	299.072	0.319654	935.613
0	1	1	9800000	4096	299.072	0.322114	928.467
0	1	1	9800000	4096	299.072	0.320636	932.746
0	1	1	9800000	4096	299.072	0.312508	957.007
0	1	1	9800000	4096	299.072	0.309892	965.085
0	1	1	9800000	4096	299.072	0.319632	935.676
0	1	1	9800000	4096	299.072	0.311197	961.037
0	1	1	9800000	4096	299.072	0.304352	982.653
0	1	1	9800000	4096	299.072	0.323884	923.393
0	1	1	9800000	4096	299.072	0.317675	941.441
0	1	1	9900000	4096	302.124	0.321951	938.416
0	1	1	9900000	4096	302.124	0.31467	960.129
0	1	1	9900000	4096	302.124	0.316738	953.86
0	1	1	9900000	4096	302.124	0.316271	955.269
0	1	1	9900000	4096	302.124	0.316103	955.777
0	1	1	9900000	4096	302.124	0.315124	958.746
0	1	1	9900000	4096	302.124	0.328625	919.359
0	1	1	9900000	4096	302.124	0.315216	958.466
0	1	1	9900000	4096	302.124	0.316115	955.742
0	1	1	9900000	4096	302.124	0.323643	933.51
0	1	1	9900000	4096	302.124	0.315548	957.46
0	1	1	9900000	4096	302.124	0.325358	928.589
0	1	1	9900000	4096	302.124	0.325124	929.258
0	1	1	9900000	4096	302.124	0.329635	916.542
0	1	1	9900000	4096	302.124	0.31481	959.703
0	1	1	9900000	4096	302.124	0.323617	933.584
0	1	1	9900000	4096	302.124	0.366736	823.818
0	1	1	9900000	4096	302.124	0.324128	932.113
0	1	1	9900000	4096	302.124	0.323637	933.529
0	1	1	9900000	4096	302.124	0.349181	865.236
0	1	1	10000000	4096	305.176	0.331278	921.208
0	1	1	10000000	4096	305.176	0.327946	930.567
0	1	1	10000000	4096	305.176	0.316336	964.719
0	1	1	10000000	4096	305.176	0.32354	943.241
0	1	1	10000000	4096	305.176	0.31867	957.655
0	1	1	10000000	4096	305.176	0.326515	934.646
0	1	1	10000000	4096	305.176	0.322939	944.995
0	1	1	10000000	4096	305.176	0.320514	952.144
0	1	1	10000000	4096	305.176	0.317107	962.375
0	1	1	10000000	4096	305.176	0.329009	927.562
0	1	1	10000000	4096	305.176	0.3254	937.849
0	1	1	10000000	4096	305.176	0.328995	927.6
0	1	1	10000000	4096	305.176	0.326512	934.654
0	1	1	10000000	4096	305.176	0.320219	953.023
0	1	1	10000000	4096	305.176	0.328446	929.152
0	1	1	10000000	4096	305.176	0.328222	929.786
0	1	1	10000000	4096	305.176	0.332805	916.981
0	1	1	10000000	4096	305.176	0.322126	947.38
0	1	1	10000000	4096	305.176	0.327288	932.439
0	1	1	10000000	4096	305.176	0.331098	921.709
